"TweetID";"User";"Tweet";"Latitude";"Longitude";"IsUrl";"IsHashtag";"IsRetweet";"Language";"Category";;;;;;
1001;"marrialigaya";"@ANCALERTS: NDRRMC: 3 dead due to #RubyPH tsk";14.752156;121.079288;1;0;0;"tl";"CD";;;;;;
1002;"IGMOlayvar";"@DZMMTeleRadyo: Bubong at kisame ng Tacloban Airport, sinira ni #RubyPH http://t.co/FZHADakW9X http://t.co/0u0ziXbw9e grabe";"NULL";"NULL";1;1;0;"tl";"CD";;;;;;
1003;"blujay_chabby";"@gmanews: #RubyPH update mula sa press briefing ng DILG: Walang naitalang casualty sa Leyte. Good to hear. Sana sa ibang lugar din :)";"NULL";"NULL";1;0;0;"tl";"CD";;;;;;
1004;"MerryEdear";"@gmanews: #RubyPH update mula sa press briefing ng DILG: Walang naitalang casualty sa Leyte. Thank you Lord! :)";"NULL";"NULL";1;0;0;"tl";"CD";;;;;;
1005;"MarkGascon1";"@gmanews: Bagsak na ang linya ng komunikasyon sa mga bayan sa Northeastern Samar. #RubyPH | via @PeeweeHero @dzbb";10.717486;125.794168;1;0;0;"tl";"CD";;;;;;
1006;"meecatok";"@gmanews: Bagsak na ang linya ng komunikasyon sa mga bayan sa Northeastern Samar. #RubyPH | via @PeeweeHero @dzbb";"NULL";"NULL";1;0;0;"tl";"CD";;;;;;
1007;"IamTheLawler";"@gmanews: Bagsak na ang linya ng komunikasyon sa mga bayan sa Northeastern Samar. #RubyPH | via @PeeweeHero @dzbb keep safe everyone";14.815947;121.071702;1;0;0;"tl";"CD";;;;;;
1008;"ariescaringal";"RT @gmanews: ROMBLON Ã¢â‚¬â€ As of 2:30PM, 30,689 na ang total evacuees sa buong probinsya, ayon sa PSWD. #RubyPH via @akosiJaysent";"NULL";"NULL";1;0;1;"tl";"CD";;;;;;
1009;"JholimaGlory";"RT @gmanews: ROMBLON Ã¢â‚¬â€ As of 2:30PM, 30,689 na ang total evacuees sa buong probinsya, ayon sa PSWD. #RubyPH via @akosiJaysent";"NULL";"NULL";1;0;1;"tl";"CD";;;;;;
1010;"chingbee1";"RT @gmanews: ROMBLON Ã¢â‚¬â€ As of 2:30PM, 30,689 na ang total evacuees sa buong probinsya, ayon sa PSWD. #RubyPH via @akosiJaysent";"NULL";"NULL";1;0;1;"tl";"CD";;;;;;
1011;"christheene18";"RT @gmanews: ROMBLON Ã¢â‚¬â€ As of 2:30PM, 30,689 na ang total evacuees sa buong probinsya, ayon sa PSWD. #RubyPH via @akosiJaysent";"NULL";"NULL";1;0;1;"tl";"CD";;;;;;
1012;"KeniticChoy";"RT @gmanews: ROMBLON Ã¢â‚¬â€ As of 2:30PM, 30,689 na ang total evacuees sa buong probinsya, ayon sa PSWD. #RubyPH via @akosiJaysent";"NULL";"NULL";1;0;1;"tl";"CD";;;;;;
1013;"khimfampo_23";"RT @gmanews: ROMBLON Ã¢â‚¬â€ As of 2:30PM, 30,689 na ang total evacuees sa buong probinsya, ayon sa PSWD. #RubyPH via @akosiJaysent";"NULL";"NULL";1;0;1;"tl";"CD";;;;;;
1014;"CyeFruelda";"RT @gmanews: ROMBLON Ã¢â‚¬â€ As of 2:30PM, 30,689 na ang total evacuees sa buong probinsya, ayon sa PSWD. #RubyPH via @akosiJaysent";"NULL";"NULL";1;0;1;"tl";"CD";;;;;;
1024;"heephrodisiac";"RT @gmanews: VIDEO: Bagyong #RubyPH, nagdulot ng malawak na pinsala sa Catbalogan, Samar http://t.co/DfA9ZNhkhL http://t.co/hUOpTVTm2S";"NULL";"NULL";1;1;1;"tl";"CD";;;;;;
1025;"cassiebabyleigh";"RT @gmanews: VIDEO: Bagyong #RubyPH, nagdulot ng malawak na pinsala sa Catbalogan, Samar http://t.co/DfA9ZNhkhL http://t.co/hUOpTVTm2S";"NULL";"NULL";1;1;1;"tl";"CD";;;;;;
1026;"PurpleMonik";"RT @gmanews: VIDEO: Bagyong #RubyPH, nagdulot ng malawak na pinsala sa Catbalogan, Samar http://t.co/DfA9ZNhkhL http://t.co/hUOpTVTm2S";"NULL";"NULL";1;1;1;"tl";"CD";;;;;;
1027;"KhryssMalen30";"RT @gmanews: VIDEO: Bagyong #RubyPH, nagdulot ng malawak na pinsala sa Catbalogan, Samar http://t.co/DfA9ZNhkhL http://t.co/hUOpTVTm2S";"NULL";"NULL";1;1;1;"tl";"CD";;;;;;
1028;"Aeonflus";"RT @gmanews: VIDEO: Bagyong #RubyPH, nagdulot ng malawak na pinsala sa Catbalogan, Samar http://t.co/DfA9ZNhkhL http://t.co/hUOpTVTm2S";"NULL";"NULL";1;1;1;"tl";"CD";;;;;;
1029;"RubyPHNews1";"RT @gmanews: VIDEO: Bagyong #RubyPH, nagdulot ng malawak na pinsala sa Catbalogan, Samar http://t.co/DfA9ZNhkhL http://t.co/hUOpTVTm2S";"NULL";"NULL";1;1;1;"tl";"CD";;;;;;
1030;"clarissemado";"RT @gmanews: VIDEO: Bagyong #RubyPH, nagdulot ng malawak na pinsala sa Catbalogan, Samar http://t.co/DfA9ZNhkhL http://t.co/hUOpTVTm2S";"NULL";"NULL";1;1;1;"tl";"CD";;;;;;
1031;"glennpooot";"RT @gmanews: VIDEO: Bagyong #RubyPH, nagdulot ng malawak na pinsala sa Catbalogan, Samar http://t.co/DfA9ZNhkhL http://t.co/hUOpTVTm2S";"NULL";"NULL";1;1;1;"tl";"CD";;;;;;
1032;"AnitaKapoor";"RT @gmanews: VIDEO: Bagyong #RubyPH, nagdulot ng malawak na pinsala sa Catbalogan, Samar http://t.co/DfA9ZNhkhL http://t.co/hUOpTVTm2S";"NULL";"NULL";1;1;1;"tl";"CD";;;;;;
1033;"TUPManila_USG";"RT @gmanews: VIDEO: Bagyong #RubyPH, nagdulot ng malawak na pinsala sa Catbalogan, Samar http://t.co/DfA9ZNhkhL http://t.co/hUOpTVTm2S";"NULL";"NULL";1;1;1;"tl";"CD";;;;;;
1034;"ellemorre";"RT @gmanews: VIDEO: Bagyong #RubyPH, nagdulot ng malawak na pinsala sa Catbalogan, Samar http://t.co/DfA9ZNhkhL http://t.co/hUOpTVTm2S";"NULL";"NULL";1;1;1;"tl";"CD";;;;;;
1035;"Liizziiiiieeee";"RT @gmanews: VIDEO: Bagyong #RubyPH, nagdulot ng malawak na pinsala sa Catbalogan, Samar http://t.co/DfA9ZNhkhL http://t.co/hUOpTVTm2S";"NULL";"NULL";1;1;1;"tl";"CD";;;;;;
1036;"Terri_estupendo";"RT @gmanews: VIDEO: Bagyong #RubyPH, nagdulot ng malawak na pinsala sa Catbalogan, Samar http://t.co/DfA9ZNhkhL http://t.co/hUOpTVTm2S";"NULL";"NULL";1;1;1;"tl";"CD";;;;;;
1037;"KeniticChoy";"RT @gmanews: VIDEO: Bagyong #RubyPH, nagdulot ng malawak na pinsala sa Catbalogan, Samar http://t.co/DfA9ZNhkhL http://t.co/hUOpTVTm2S";"NULL";"NULL";1;1;1;"tl";"CD";;;;;;
1038;"jstnmrfl";"RT @gmanews: VIDEO: Bagyong #RubyPH, nagdulot ng malawak na pinsala sa Catbalogan, Samar http://t.co/DfA9ZNhkhL http://t.co/hUOpTVTm2S";"NULL";"NULL";1;1;1;"tl";"CD";;;;;;
1039;"jayveellage";"RT @gmanews: VIDEO: Baha at mga pinsala sa imprastraktura, iniwan ng Bagyong #RubyPH http://t.co/lv9AkEYIev http://t.co/tpSDNXnrIV";"NULL";"NULL";1;1;1;"tl";"CD";;;;;;
1040;"sexymhel";"RT @gmanews: VIDEO: Baha at mga pinsala sa imprastraktura, iniwan ng Bagyong #RubyPH http://t.co/lv9AkEYIev http://t.co/tpSDNXnrIV";"NULL";"NULL";1;1;1;"tl";"CD";;;;;;
1041;"sotto_fiona";"RT @gmanews: VIDEO: Baha at mga pinsala sa imprastraktura, iniwan ng Bagyong #RubyPH http://t.co/lv9AkEYIev http://t.co/tpSDNXnrIV";"NULL";"NULL";1;1;1;"tl";"CD";;;;;;
1042;"akosidarkcloud";"RT @gmanews: VIDEO: Baha at mga pinsala sa imprastraktura, iniwan ng Bagyong #RubyPH http://t.co/lv9AkEYIev http://t.co/tpSDNXnrIV";"NULL";"NULL";1;1;1;"tl";"CD";;;;;;
1043;"jahstinesurio";"RT @gmanews: VIDEO: Baha at mga pinsala sa imprastraktura, iniwan ng Bagyong #RubyPH http://t.co/lv9AkEYIev http://t.co/tpSDNXnrIV";"NULL";"NULL";1;1;1;"tl";"CD";;;;;;
1044;"itsmeMayetteXD";"RT @gmanews: VIDEO: Baha at mga pinsala sa imprastraktura, iniwan ng Bagyong #RubyPH http://t.co/lv9AkEYIev http://t.co/tpSDNXnrIV";"NULL";"NULL";1;1;1;"tl";"CD";;;;;;
1045;"KeniticChoy";"RT @gmanews: VIDEO: Baha at mga pinsala sa imprastraktura, iniwan ng Bagyong #RubyPH http://t.co/lv9AkEYIev http://t.co/tpSDNXnrIV";"NULL";"NULL";1;1;1;"tl";"CD";;;;;;
1046;"francismagsajo";"RT @gmanews: VIDEO: Dalawa, nasawi sa pananalasa ng Bagyong #RubyPH sa Dolores, Eastern Samar http://t.co/Cb0YyL8BdL http://t.co/uw0ITm5npt";"NULL";"NULL";1;1;1;"tl";"CD";;;;;;
1047;"RubyPHNews1";"RT @gmanews: VIDEO: Dalawa, nasawi sa pananalasa ng Bagyong #RubyPH sa Dolores, Eastern Samar http://t.co/Cb0YyL8BdL http://t.co/uw0ITm5npt";"NULL";"NULL";1;1;1;"tl";"CD";;;;;;
1048;"violetagloria";"RT @gmanews: VIDEO: Dalawa, nasawi sa pananalasa ng Bagyong #RubyPH sa Dolores, Eastern Samar http://t.co/Cb0YyL8BdL http://t.co/uw0ITm5npt";"NULL";"NULL";1;1;1;"tl";"CD";;;;;;
1049;"mawexduque";"RT @gmanews: VIDEO: Dalawa, nasawi sa pananalasa ng Bagyong #RubyPH sa Dolores, Eastern Samar http://t.co/Cb0YyL8BdL http://t.co/uw0ITm5npt";"NULL";"NULL";1;1;1;"tl";"CD";;;;;;
1050;"ljr_leigh";"RT @gmanews: VIDEO: Dalawa, nasawi sa pananalasa ng Bagyong #RubyPH sa Dolores, Eastern Samar http://t.co/Cb0YyL8BdL http://t.co/uw0ITm5npt";"NULL";"NULL";1;1;1;"tl";"CD";;;;;;
1051;"vinnmartin";"RT @gmanews: VIDEO: Dalawa, nasawi sa pananalasa ng Bagyong #RubyPH sa Dolores, Eastern Samar http://t.co/Cb0YyL8BdL http://t.co/uw0ITm5npt";"NULL";"NULL";1;1;1;"tl";"CD";;;;;;
1052;"alrenjerome";"RT @gmanews: VIDEO: Dalawa, nasawi sa pananalasa ng Bagyong #RubyPH sa Dolores, Eastern Samar http://t.co/Cb0YyL8BdL http://t.co/uw0ITm5npt";"NULL";"NULL";1;1;1;"tl";"CD";;;;;;
1053;"lalaculala";"RT @gmanews: VIDEO: Dalawa, nasawi sa pananalasa ng Bagyong #RubyPH sa Dolores, Eastern Samar http://t.co/Cb0YyL8BdL http://t.co/uw0ITm5npt";"NULL";"NULL";1;1;1;"tl";"CD";;;;;;
1054;"bebebombia_5sex";"RT @gmanews: VIDEO: Dalawa, nasawi sa pananalasa ng Bagyong #RubyPH sa Dolores, Eastern Samar http://t.co/Cb0YyL8BdL http://t.co/uw0ITm5npt";"NULL";"NULL";1;1;1;"tl";"CD";;;;;;
1055;"haze_gear";"RT @gmanews: VIDEO: Dalawa, nasawi sa pananalasa ng Bagyong #RubyPH sa Dolores, Eastern Samar http://t.co/Cb0YyL8BdL http://t.co/uw0ITm5npt";"NULL";"NULL";1;1;1;"tl";"CD";;;;;;
1056;"erwinmoon";"RT @gmanews: VIDEO: Dalawa, nasawi sa pananalasa ng Bagyong #RubyPH sa Dolores, Eastern Samar http://t.co/Cb0YyL8BdL http://t.co/uw0ITm5npt";"NULL";"NULL";1;1;1;"tl";"CD";;;;;;
1057;"KimVianca";"RT @gmanews: VIDEO: Dalawa, nasawi sa pananalasa ng Bagyong #RubyPH sa Dolores, Eastern Samar http://t.co/Cb0YyL8BdL http://t.co/uw0ITm5npt";"NULL";"NULL";1;1;1;"tl";"CD";;;;;;
1058;"yanxq";"RT @gmanews: VIDEO: Dalawa, nasawi sa pananalasa ng Bagyong #RubyPH sa Dolores, Eastern Samar http://t.co/Cb0YyL8BdL http://t.co/uw0ITm5npt";"NULL";"NULL";1;1;1;"tl";"CD";;;;;;
1059;"KeniticChoy";"RT @gmanews: VIDEO: Dalawa, nasawi sa pananalasa ng Bagyong #RubyPH sa Dolores, Eastern Samar http://t.co/Cb0YyL8BdL http://t.co/uw0ITm5npt";"NULL";"NULL";1;1;1;"tl";"CD";;;;;;
1060;"cyrllbgl";"RT @gmanews: VIDEO: Dalawa, nasawi sa pananalasa ng Bagyong #RubyPH sa Dolores, Eastern Samar http://t.co/Cb0YyL8BdL http://t.co/uw0ITm5npt";"NULL";"NULL";1;1;1;"tl";"CD";;;;;;
1061;"GeraldineBerdan";"RT @gmanews: VIDEO: Dalawa, nasawi sa pananalasa ng Bagyong #RubyPH sa Dolores, Eastern Samar http://t.co/Cb0YyL8BdL http://t.co/uw0ITm5npt";"NULL";"NULL";1;1;1;"tl";"CD";;;;;;
1062;"JennyRockwell";"RT @gmanews: VIDEO: Mahigit 200,000 residente, lumikas sa Sorsogon dahil sa Bagyong #RubyPH http://t.co/1SPOOw4WVF http://t.co/XJerjp7yWk";"NULL";"NULL";1;1;0;"tl";"CD";;;;;;
1063;"erwinmoon";"RT @gmanews: VIDEO: Mahigit 200,000 residente, lumikas sa Sorsogon dahil sa Bagyong #RubyPH http://t.co/LrGpUfA9zZ http://t.co/hdrBnLajUj";"NULL";"NULL";1;1;1;"tl";"CD";;;;;;
1064;"swifTaylor27";"RT @gmanews: VIDEO: Mahigit 200,000 residente, lumikas sa Sorsogon dahil sa Bagyong #RubyPH http://t.co/LrGpUfA9zZ http://t.co/hdrBnLajUj";"NULL";"NULL";1;1;1;"tl";"CD";;;;;;
1065;"yujidetorres";"RT @gmanews: VIDEO: Mahigit 200,000 residente, lumikas sa Sorsogon dahil sa Bagyong #RubyPH http://t.co/LrGpUfA9zZ http://t.co/hdrBnLajUj";"NULL";"NULL";1;1;1;"tl";"CD";;;;;;
1066;"indayevarona";"RT @gmanews: VIDEO: Mahigit 200,000 residente, lumikas sa Sorsogon dahil sa Bagyong #RubyPH http://t.co/LrGpUfA9zZ http://t.co/hdrBnLajUj";"NULL";"NULL";1;1;1;"tl";"CD";;;;;;
1067;"sarca_sam";"RT @gmanews: VIDEO: Mahigit 200,000 residente, lumikas sa Sorsogon dahil sa Bagyong #RubyPH http://t.co/LrGpUfA9zZ http://t.co/hdrBnLajUj";"NULL";"NULL";1;1;1;"tl";"CD";;;;;;
1068;"haze_gear";"RT @gmanews: VIDEO: Mahigit 200,000 residente, lumikas sa Sorsogon dahil sa Bagyong #RubyPH http://t.co/LrGpUfA9zZ http://t.co/hdrBnLajUj";"NULL";"NULL";1;1;1;"tl";"CD";;;;;;
1069;"MhegMm";"RT @gmanews: VIDEO: Mahigit 200,000 residente, lumikas sa Sorsogon dahil sa Bagyong #RubyPH http://t.co/LrGpUfA9zZ http://t.co/hdrBnLajUj";"NULL";"NULL";1;1;1;"tl";"CD";;;;;;
1070;"KeniticChoy";"RT @gmanews: VIDEO: Mahigit 200,000 residente, lumikas sa Sorsogon dahil sa Bagyong #RubyPH http://t.co/LrGpUfA9zZ http://t.co/hdrBnLajUj";"NULL";"NULL";1;1;1;"tl";"CD";;;;;;
1071;"jay_divina";"RT @gmanews: VIDEO: Mahigit 200,000 residente, lumikas sa Sorsogon dahil sa Bagyong #RubyPH http://t.co/LrGpUfA9zZ http://t.co/hdrBnLajUj";"NULL";"NULL";1;1;1;"tl";"CD";;;;;;
1072;"intelcoregeous";"RT @gmanews: VIDEO: Mahigit 200,000 residente, lumikas sa Sorsogon dahil sa Bagyong #RubyPH http://t.co/LrGpUfA9zZ http://t.co/hdrBnLajUj";"NULL";"NULL";1;1;1;"tl";"CD";;;;;;
1073;"StevenBaldesco";"RT @IMReadyPH: As of 6:00am, walang naitalang casualty sa Catbalogan City,Samar- ayon kay Mayor Stephanie Uy-Tan. #RubyPH | via @dzbb";"NULL";"NULL";1;0;1;"tl";"CD";;;;;;
1074;"JosephDatalio";"RT @IMReadyPH: As of 6:00am, walang naitalang casualty sa Catbalogan City,Samar- ayon kay Mayor Stephanie Uy-Tan. #RubyPH | via @dzbb";"NULL";"NULL";1;0;1;"tl";"CD";;;;;;
1075;"gmakf";"RT @IMReadyPH: As of 6:00am, walang naitalang casualty sa Catbalogan City,Samar- ayon kay Mayor Stephanie Uy-Tan. #RubyPH | via @dzbb";"NULL";"NULL";1;0;1;"tl";"CD";;;;;;
1076;"YouScoop";"RT @IMReadyPH: As of 6:00am, walang naitalang casualty sa Catbalogan City,Samar- ayon kay Mayor Stephanie Uy-Tan. #RubyPH | via @dzbb";"NULL";"NULL";1;0;1;"tl";"CD";;;;;;
1077;"thecrazyCzar";"RT @itsbeben11: Electric post downed by strong winds in Abucay, Tacloban. #RubyPH (Photo via Zhander Cayabyab) via @ANCALERTS NKKLK http:Ã¢â‚¬Â¦";"NULL";"NULL";1;0;1;"tl";"CD";;;;;;
1078;"CHRISpylisyus";"RT @itsbeben11: Electric post downed by strong winds in Abucay, Tacloban. #RubyPH (Photo via Zhander Cayabyab) via @ANCALERTS NKKLK http:Ã¢â‚¬Â¦";"NULL";"NULL";1;0;1;"tl";"CD";;;;;;
1079;"earvin55";"RT @itsbeben11: Electric post downed by strong winds in Abucay, Tacloban. #RubyPH (Photo via Zhander Cayabyab) via @ANCALERTS NKKLK http:Ã¢â‚¬Â¦";"NULL";"NULL";1;0;1;"tl";"CD";;;;;;
1080;"AKAsleepyhead";"RT @itsbeben11: Electric post downed by strong winds in Abucay, Tacloban. #RubyPH (Photo via Zhander Cayabyab) via @ANCALERTS NKKLK http:Ã¢â‚¬Â¦";"NULL";"NULL";1;0;1;"tl";"CD";;;;;;
1081;"imDianavalencia";"RT @News5AKSYON: #AksyonSaHagupit: 10 bahay sa dalampasigan ng Albay, tinangay ng malakas na alon #RubyPH | Ulat ni @edlingao";"NULL";"NULL";1;0;1;"tl";"CD";;;;;;
1082;"mjmarfori";"RT @News5AKSYON: #AksyonSaHagupit: 10 bahay sa dalampasigan ng Albay, tinangay ng malakas na alon #RubyPH | Ulat ni @edlingao";"NULL";"NULL";1;0;1;"tl";"CD";;;;;;
1083;"TechDebit";"RT @News5AKSYON: #AksyonSaHagupit: 10 bahay sa dalampasigan ng Albay, tinangay ng malakas na alon #RubyPH | Ulat ni @edlingao";"NULL";"NULL";1;0;1;"tl";"CD";;;;;;
1084;"jozelleanne";"RT @News5AKSYON: #AksyonSaHagupit: Gov. Sharee Ann Tan: Higit 28,000 pamilya ang inilikas dahil sa Bagyong #RubyPH";"NULL";"NULL";1;0;1;"tl";"CD";;;;;;
1085;"mskeinajane";"RT @News5AKSYON: #AksyonSaHagupit: Gov. Sharee Ann Tan: Higit 28,000 pamilya ang inilikas dahil sa Bagyong #RubyPH";"NULL";"NULL";1;0;1;"tl";"CD";;;;;;
1086;"mylsvalenciaTV5";"RT @News5AKSYON: #AksyonSaHagupit: Gov. Sharee Ann Tan: Higit 28,000 pamilya ang inilikas dahil sa Bagyong #RubyPH";"NULL";"NULL";1;0;1;"tl";"CD";;;;;;
1087;"mechelleflorita";"RT @News5AKSYON: ROMBLON: As of 2:30PM, umabot na sa 9,584 pamilya o 30,689 katao na ang inilikas sa mga evacuation center. #RubyPH | via @Ã¢â‚¬Â¦";"NULL";"NULL";1;0;1;"tl";"CD";;;;;;
1088;"imamilatencio";"RT @News5AKSYON: ROMBLON: As of 2:30PM, umabot na sa 9,584 pamilya o 30,689 katao na ang inilikas sa mga evacuation center. #RubyPH | via @Ã¢â‚¬Â¦";"NULL";"NULL";1;0;1;"tl";"CD";;;;;;
1089;"iamPxMx";"RT @News5AKSYON: ROMBLON: As of 2:30PM, umabot na sa 9,584 pamilya o 30,689 katao na ang inilikas sa mga evacuation center. #RubyPH | via @Ã¢â‚¬Â¦";"NULL";"NULL";1;0;1;"tl";"CD";;;;;;
1090;"B13Del";"RT @sunstarcebu: .@dsm_sunstar: #RubyPH topples electrical post in Barangay Talisay, Daanbantayan, #Cebu http://t.co/5BOBcnZYSE";"NULL";"NULL";1;0;1;"tl";"CD";;;;;;
1091;"rairosell";"RT @sunstarcebu: .@dsm_sunstar: #RubyPH topples electrical post in Barangay Talisay, Daanbantayan, #Cebu http://t.co/5BOBcnZYSE";"NULL";"NULL";1;0;1;"tl";"CD";;;;;;
1092;"mikelimpag";"RT @sunstarcebu: .@dsm_sunstar: #RubyPH topples electrical post in Barangay Talisay, Daanbantayan, #Cebu http://t.co/5BOBcnZYSE";"NULL";"NULL";1;0;1;"tl";"CD";;;;;;
1093;"yentot6788";"RT @sunstarcebu: .@dsm_sunstar: #RubyPH topples electrical post in Barangay Talisay, Daanbantayan, #Cebu http://t.co/5BOBcnZYSE";"NULL";"NULL";1;0;1;"tl";"CD";;;;;;
1098;"zhandercayabyab";"Maging mga malalaking kainan sa Tacloban ay maagang isinara at tinakpan ng plywood @DZMMTeleRadyo #RubyPH http://t.co/P7zaGBgruV";"NULL";"NULL";1;0;0;"tl";"CD";;;;;;
1099;"Gu4rdian4ngelo";"RT @DZMMTeleRadyo: PHOTO: Mga establisimyento sa Tacloban, pinapakuan ng plywood kontra baha at alon #RubyPH http://t.co/kAsVyyCCjD | via @Ã¢â‚¬Â¦";"NULL";"NULL";1;0;1;"tl";"CD";;;;;;
1100;"NonVitalTooth";"RT @zhandercayabyab: Mga establisimyento sa Tacloban, pinapakuan ng plywood para di pasukin ng baha at alon @DZMMTeleRadyo #RubyPH http://tÃ¢â‚¬Â¦";"NULL";"NULL";1;0;1;"tl";"CD";;;;;;
1101;"NonVitalTooth";"RT @zhandercayabyab: Mga establisimyento sa Tacloban, pinapakuan ng plywood para di pasukin ng baha at alon @DZMMTeleRadyo #RubyPH http://tÃ¢â‚¬Â¦";"NULL";"NULL";1;0;1;"tl";"CD";;;;;;
1105;"SpeakLlauder";"@ABSCBNNews: Tacloban Mayor Romualdez: Sa ngayon, wala pa kaming report ng casualty #RubyPH | via @DZMMTeleRadyo No casualties lng, Lord";"NULL";"NULL";1;0;0;"tl";"CD";;;;;;
1106;"marrialigaya";"@ANCALERTS: NDRRMC: 3 dead due to #RubyPH tsk";14.752156;121.079288;1;0;0;"tl";"CD";;;;;;
1107;"CaineLian";"@dzbb : As of 6:00am, walang naitalang casualty sa Catbalogan City,Samar- ayon kay Mayor Stephanie Uy-Tan. #RubyPH THANK GOD!";"NULL";"NULL";1;0;0;"tl";"CD";;;;;;
1108;"gamuederrrrs";"@DZMMTeleRadyo: 12 barangay sa Laguna, lubog pa rin sa baha #RubyPH http://t.co/VbeZe7Ksld http://t.co/mAQ2hs5YmZ suspend na this";"NULL";"NULL";1;1;0;"tl";"CD";;;;;;
1109;"roweecathRPh";"@DZMMTeleRadyo: 27 patay sa bagsik ni #RubyPH sa Eastern Samar - Red Cross http://t.co/AAxPIbfqQd http://t.co/tnTVxXWf7H";"NULL";"NULL";1;1;0;"tl";"CD";;;;;;
1110;"VAMboyyy";"@DZMMTeleRadyo: BATANGAS | Wala pang napaulat na nasaktan dahil sa bagyo #RubyPH (ulat ni @arnellozaeta)";"NULL";"NULL";1;0;0;"tl";"CD";;;;;;
1111;"Boy_Kulit";"@DZMMTeleRadyo: BATANGAS | Wala pang napaulat na nasaktan dahil sa bagyo #RubyPH (ulat ni @arnellozaeta) may bagyo ba?";"NULL";"NULL";1;0;0;"tl";"CD";;;;;;
1112;"puchepuch";"@DZMMTeleRadyo: BATANGAS | Wala pang napaulat na nasaktan dahil sa bagyo #RubyPH (ulat ni @arnellozaeta) SALAMAT PO SAFE LAHAT";13.758502;120.94833;1;0;0;"tl";"CD";;;;;;
1116;"IGMOlayvar";"@DZMMTeleRadyo: Bubong at kisame ng Tacloban Airport, sinira ni #RubyPH http://t.co/FZHADakW9X http://t.co/0u0ziXbw9e grabe";"NULL";"NULL";1;1;0;"tl";"CD";;;;;;
1118;"iamyourdarling";"@DZMMTeleRadyo: Poste ng kuryente, bumagsak sa ilang bahay sa Brgy. Pawing, Tacloban #RubyPH http://t.co/hJbqYkpGR3 | via @zhandercayabyab";14.596215;121.002006;1;0;0;"tl";"CD";;;;;;
1120;"blujay_chabby";"@gmanews: #RubyPH update mula sa press briefing ng DILG: Walang naitalang casualty sa Leyte. Good to hear. Sana sa ibang lugar din :)";"NULL";"NULL";1;0;0;"tl";"CD";;;;;;
1121;"MerryEdear";"@gmanews: #RubyPH update mula sa press briefing ng DILG: Walang naitalang casualty sa Leyte. Thank you Lord! :)";"NULL";"NULL";1;0;0;"tl";"CD";;;;;;
1122;"jeanomarcayda";"@gmanews: ALBAY-Hilera ng mga poste ng kuryente, natumba matapos ang malakas na hangin sa Camalig. #RubyPH wtf.Brownout apocalypse na itu.";"NULL";"NULL";1;0;0;"tl";"CD";;;;;;
1123;"MarkGascon1";"@gmanews: Bagsak na ang linya ng komunikasyon sa mga bayan sa Northeastern Samar. #RubyPH | via @PeeweeHero @dzbb";10.717486;125.794168;1;0;0;"tl";"CD";;;;;;
1124;"IamTheLawler";"@gmanews: Bagsak na ang linya ng komunikasyon sa mga bayan sa Northeastern Samar. #RubyPH | via @PeeweeHero @dzbb keep safe everyone";14.815947;121.071702;1;0;0;"tl";"CD";;;;;;
1125;"donnavells";"@gmanews: DOLORES, EASTERN SAMAR - Bagsak na ang linya ng komunikasyon | #RubyPH update via @PeeweeHero";"NULL";"NULL";1;0;0;"tl";"CD";;;;;;
1126;"alexatine24";"@gmanews: DOLORES, EASTERN SAMAR - Bagsak na ang linya ng komunikasyon | #RubyPH update via @PeeweeHero";"NULL";"NULL";1;0;0;"tl";"CD";;;;;;
1129;"WalaPongKapaRiZ";"@gmanews: ROMBLON Ã¢â‚¬â€ Mga puno, nagsitumbahan sa Romblon matapos hagupitin ni #RubyPH. | via @akosiJaysent http://t.co/qPGhTLPOpo Romblon :(";"NULL";"NULL";1;0;0;"tl";"CD";;;;;;
1130;"Aybilibers";"@gmanews: ROMBLON Ã¢â‚¬â€ Mga puno, nagsitumbahan sa Romblon matapos hagupitin ni #RubyPH. | via @akosiJaysent http://t.co/QWQfp34fAm";"NULL";"NULL";1;0;0;"tl";"CD";;;;;;
1131;"DivineStellar";"@gmanews: SORSOGON Ã¢â‚¬â€ Lubog sa baha ang highway sa bayan ng Rizal. | #RubyPH via @allangatus @dzbb";"NULL";"NULL";1;0;0;"tl";"CD";;;;;;
1132;"nicxielicious";"@gmanews: SORSOGON Ã¢â‚¬â€ Lubog sa baha ang highway sa bayan ng Rizal. | #RubyPH via @allangatus @dzbb";"NULL";"NULL";1;0;0;"tl";"CD";;;;;;
1133;"DivineStellar";"@gmanews: VIDEO: Zero casualty, naitala sa Albay sa paghagupit ng Bagyong #RubyPH http://t.co/Nmqmj8MMjB http://t.co/6koDnLGxRn";"NULL";"NULL";1;1;0;"tl";"CD";;;;;;
1138;"iamrinylmatugas";"@sv_simplevie: #RESCUEPH yan po kuha s looc culaba biliran, winasak ni bagyong #RubyPH http://t.co/SOfkKpIFzu @ANCALERTS @ABSCBNNews";"NULL";"NULL";1;0;0;"tl";"CD";;;;;;
1139;"LeoDoraPongan";"@TVPatrol: #TVPatrol #RubyPH itinumba ang mga puno sa Samar; ilang bahay wasak.  via @atomaraullo LIVE Catbalogan http://t.co/ObwazvYB7J";"NULL";"NULL";1;0;0;"tl";"CD";;;;;;
1140;"MayleneYenny";"@TVPatrol: PANOORIN: Ilang bahay, puno pinadapa ng #RubyPH sa Samar. http://t.co/rxS6hMZX3m | Ulat ni @atomaraullo http://t.co/KDUSHieAAI";25.140964;121.504527;1;1;0;"tl";"CD";;;;;;
1141;"JhaMharie";"@YouScoop: Pinabagsak ng Bagyong #RubyPH ang bubong ng isang gas station sa Catarman. Ulat ni YouScooper Rio Sosa http://t.co/vHTm5AqO8L";"NULL";"NULL";1;0;0;"tl";"CD";;;;;;
1142;"itsbeben11";"Electric post downed by strong winds in Abucay, Tacloban. #RubyPH (Photo via Zhander Cayabyab) via @ANCALERTS NKKLK http://t.co/R9oUfEsZsj";"NULL";"NULL";1;0;0;"tl";"CD";;;;;;
1143;"inquirerdotnet";"Patay kay #RubyPH nasa 21 na @banderainquirer front page today. Full issue: http://t.co/DAsAo1PEio http://t.co/5uaNdmPY22";"NULL";"NULL";1;1;0;"tl";"CD";;;;;;
1144;"banderainquirer";"Patay kay #RubyPH nasa 21 na @banderainquirer front page today. Full issue: http://t.co/tc1KihHFw8 http://t.co/PSiZNRbWM5";"NULL";"NULL";1;1;0;"tl";"CD";;;;;;
1146;"News5AKSYON";"#AksyonSaHagupit | 2 bahay nawasak dahil sa naglalakihang alon at lakas na hangin sa Brgy. Tabunan, Matnog! #RubyPH";"NULL";"NULL";1;0;0;"tl";"CD";;;;;;
1148;"News5AKSYON";"#AksyonSaHagupit | 8 katao pa ang kumirmadong patay pero inaantay pa ng NDRRMC ang validation mula sa DOH. #RubyPH (via @AmberPGonzales)";"NULL";"NULL";1;0;0;"tl";"CD";;;;;;
1152;"News5AKSYON";"#AksyonSaHagupit | Sa pinakahuling tala ng NDDRMC, 3 ang validated at kumpirmadong namatay sa pananalasa ni #RubyPH (via @AmberPGonzales)";"NULL";"NULL";1;0;0;"tl";"CD";;;;;;
1153;"News5AKSYON";"#AksyonSaHagupit: 10 bahay sa dalampasigan ng Albay, tinangay ng malakas na alon #RubyPH | Ulat ni @edlingao";"NULL";"NULL";1;0;0;"tl";"CD";;;;;;
1154;"News5AKSYON";"#AksyonSaHagupit: Gov. Sharee Ann Tan: Higit 28,000 pamilya ang inilikas dahil sa Bagyong #RubyPH";"NULL";"NULL";1;0;0;"tl";"CD";;;;;;
1160;"DZMMTeleRadyo";"#RadyoPatrol 20-anyos na vendor, patay sa landslide sa Puerto Galera | ulat ni Arnel Ozaeta, DZMM Correspondent #RubyPH";"NULL";"NULL";1;0;0;"tl";"CD";;;;;;
1161;"BalitaNgayon";"#RadyoPatrol 20-anyos na vendor, patay sa landslide sa Puerto Galera | ulat ni Arnel Ozaeta, DZMM Correspondent #RubyPH via DZMM";"NULL";"NULL";1;0;0;"tl";"CD";;;;;;
1164;"sv_simplevie";"#RESCUEPH yan po kuha s looc culaba biliran, winasak ni bagyong #RubyPH http://t.co/Tprgb7QB5z";"NULL";"NULL";1;0;0;"tl";"CD";;;;;;
1165;"castrojosh26";"#RubyPH #VOTYNews #updates ORMOC CITY 1. #RubyPH Coverage: Mga evacuees gikan sa barangay Tambulilid gisakay sa... http://t.co/zqoHSZ2pxj";"NULL";"NULL";1;1;0;"tl";"CD";;;;;;
1166;"castrojosh26";"#RubyPH #VOTYNews #updates ORMOC CITY 1. Communication sa Isabel cut-off. Last na update: murag Yolanda, maayu... http://t.co/iZ0Ur6syfS";"NULL";"NULL";1;1;0;"tl";"CD";;;;;;
1167;"UNTVweb";"#RubyPH Ã¢â‚¬â€ 2 nawawalang mangingisda sa Cambulaga, Sorsogon natagpuan na ayon sa ulat ni Sherry Ann Herrera / UNTV... http://t.co/HVVTYbSA93";"NULL";"NULL";1;1;0;"tl";"CD";;;;;;
1168;"iamRaymondLacsa";"#RubyPH Ã¢â‚¬â€ 2 nawawalang mangingisda sa Cambulaga, Sorsogon natagpuan na ayon sa ulat ni Sherry Ann Herrera / UNTV... http://t.co/lGYUxCSnrK";"NULL";"NULL";1;1;0;"tl";"CD";;;;;;
1169;"donmoen777";"#RubyPH Casualty Count: 23 (via @philredcross) 16 -Borongan, E.Samar 1 -W.Samar 1 -Hernani, E.Samar 1 -Dolores, E.Samar @HenryRetoriano haha";"NULL";"NULL";1;0;0;"tl";"CD";;;;;;
1172;"UNTVweb";"#RubyPH PHOTO: 683 pamilya sa Quirangay, Camalig, Albay, nanatili sa evacuation center dahil sa pabugso bugsong... http://t.co/LCCamoE1Ya";"NULL";"NULL";1;1;0;"tl";"CD";;;;;;
1173;"iamRaymondLacsa";"#RubyPH PHOTO: 683 pamilya sa Quirangay, Camalig, Albay, nanatili sa evacuation center dahil sa pabugso bugsong... http://t.co/LnlHB0m0JS";"NULL";"NULL";1;1;0;"tl";"CD";;;;;;
1174;"UNTVweb";"#RubyPH PHOTO: 683 pamilya sa Quirangay, Camalig, Albay, nanatili sa evacuation center dahil sa pabugso bugsong... http://t.co/O3XDfL8ztI";"NULL";"NULL";1;1;0;"tl";"CD";;;;;;
1181;"missreyannaaa";"@saksi: Mahigit 17,000 residente na ang sapilitang pinalikas sa Laguna dahil pa rin sa Bagyong #RubyPH. #Saksi si @cedric_castillo.";"NULL";"NULL";1;0;0;"tl";"CD";;;;;;
1192;"dyrirmniloilo";"#RubyPH Update List of Causalities in Iloilo Estancia, Iloilo - Ernesto Baylon, 65 years old Agbobolo, Ajuy -... http://t.co/4NtOqQMA0I";"NULL";"NULL";1;1;0;"tl";"CD";;;;;;
1193;"dyrirmniloilo";"#RubyPH Update List of Causalities in Iloilo Estancia, Iloilo - Ernesto Baylon, 65 years old Agbobolo, Ajuy -... http://t.co/PzDodT0zBq";"NULL";"NULL";1;1;0;"tl";"CD";;;;;;
1194;"dyrirmniloilo";"#RubyPH Update List of Causalities in Iloilo Estancia, Iloilo - Ernesto Baylon, 65 years old Agbobolo, Ajuy... http://t.co/dGBPEUuqKE";"NULL";"NULL";1;1;0;"tl";"CD";;;;;;
1195;"Padics";"#RubyPh Update... Brgy San esteban, San Jose, flooded nabuaCS. diversion road passable to Legazpi via Nabua. @CamSurPPO @PRO5React @pnppio";"NULL";"NULL";1;0;0;"tl";"CD";;;;;;
1196;"TVPatrol";"#TVPatrol #RubyPH itinumba ang mga puno sa Samar";" ilang bahay wasak. Ulat ni @atomaraullo LIVE mula sa Calbayog http://t.co/ocN2K8jMLH";"NULL";"NULL";1;0;0;"tl";"CD";;;;;
1197;"TVPatrol";"#TVPatrol #RubyPH nanalasa sa Tacloban, ilang bahay at tent winalis ng bagyo. Ulat ni @rongagalac mula sa Tacloban http://t.co/muFIoUHaL1";"NULL";"NULL";1;0;0;"tl";"CD";;;;;;
1198;"TVPatrol";"#TVPatrol Sanggol sa Iriga City patay dahil sa hypothermia sa kasagsagan ng #RubyPH";"NULL";"NULL";1;0;0;"tl";"CD";;;;;;
1199;"hihidco";"#Typhoon #Hagupit #leaves #at #least #2 #dead: LEGAZPI, Philippines Ã¢â‚¬â€œ Typhoon HagupitÃ¢â‚¬Â¦ http://t.co/LeiTqHip50";"NULL";"NULL";1;1;0;"tl";"CD";;;;;;
1200;"IAmDaryllReyes";"#TyphoonRuby #24Oras anu na po lates update dito sa province of cavite wala na pu kasing kuryente ang ibang lugar dito #RubyPH";"NULL";"NULL";1;0;0;"tl";"CD";;;;;;
1201;"BalitaNgayon";"(UPDATE) NDRRMC: Death toll sa Bagyong #RubyPH, 3 na via DZMM";"NULL";"NULL";1;0;0;"tl";"CD";;;;;;
1202;"sunstarcebu";".@dsm_sunstar: #RubyPH topples electrical post in Barangay Talisay, Daanbantayan, #Cebu http://t.co/5BOBcnZYSE";"NULL";"NULL";1;0;0;"tl";"CD";;;;;;
1211;"RubyPHNews1";"RT @gmanews: SORSOGON Ã¢â‚¬â€ Lubog sa baha ang highway sa bayan ng Rizal. | #RubyPH via @allangatus @dzbb";"NULL";"NULL";1;0;1;"tl";"CD";;;;;;
1212;"DILGkyusi";"RT @gmanews: SORSOGON Ã¢â‚¬â€ Lubog sa baha ang highway sa bayan ng Rizal. | #RubyPH via @allangatus @dzbb";"NULL";"NULL";1;0;1;"tl";"CD";;;;;;
1213;"janesyther20";"RT @gmanews: SORSOGON Ã¢â‚¬â€ Lubog sa baha ang highway sa bayan ng Rizal. | #RubyPH via @allangatus @dzbb";"NULL";"NULL";1;0;1;"tl";"CD";;;;;;
1214;"MyShe29";"RT @gmanews: SORSOGON Ã¢â‚¬â€ Lubog sa baha ang highway sa bayan ng Rizal. | #RubyPH via @allangatus @dzbb";"NULL";"NULL";1;0;1;"tl";"CD";;;;;;
1215;"JNaagxx";"RT @gmanews: SORSOGON Ã¢â‚¬â€ Lubog sa baha ang highway sa bayan ng Rizal. | #RubyPH via @allangatus @dzbb";"NULL";"NULL";1;0;1;"tl";"CD";;;;;;
1216;"MIKETONGCO";"RT @gmanews: SORSOGON Ã¢â‚¬â€ Lubog sa baha ang highway sa bayan ng Rizal. | #RubyPH via @allangatus @dzbb";"NULL";"NULL";1;0;1;"tl";"CD";;;;;;
1217;"KeniticChoy";"RT @gmanews: SORSOGON Ã¢â‚¬â€ Lubog sa baha ang highway sa bayan ng Rizal. | #RubyPH via @allangatus @dzbb";"NULL";"NULL";1;0;1;"tl";"CD";;;;;;
1295;"_jamesagustin";"509,620 katao o 102,714 na pamilya, nailikas na sa mga evacuation center sa Regions 5, 6, 7 at 8 ayon sa NDRRMC. #RubyPH @dzbb";"NULL";"NULL";1;0;0;"tl";"CD";;;;;;
1362;"CitizenPatrol";"Sa muntinlupa may 60 pamilya sa cupang at 50 sa tunasan (cuyab) ay apektado dulot ng bagyo.#MarioPH #FloodPH";"NULL";"NULL";1;0;0;"tl";"CD";;;;;;
1371;"CitizenPatrol";"Sa paranaque, 60 pamilya ang inilikas sa silverio creek at 30 sa fastrack. #MarioPH #ReliefPH";"NULL";"NULL";1;0;0;"tl";"CD";;;;;;
2462;"JuperBrigs";"RT @YouScoop: Ilang istruktura ang nasira sa pananalasa ng Bagyong #RubyPH sa Tacloban City. Ulat ni YouScooper @paulguava http://t.co/SySSâ€¦";"NULL";"NULL";1;0;1;"tl";"CD";;;;;;
2463;"MyMissBagulaya";"RT @YouScoop: Ilang istruktura ang nasira sa pananalasa ng Bagyong #RubyPH sa Tacloban City. Ulat ni YouScooper @paulguava http://t.co/SySSâ€¦";"NULL";"NULL";1;0;1;"tl";"CD";;;;;;
2464;"micahngln";"RT @YouScoop: Ilang istruktura ang nasira sa pananalasa ng Bagyong #RubyPH sa Tacloban City. Ulat ni YouScooper @paulguava http://t.co/SySSâ€¦";"NULL";"NULL";1;0;1;"tl";"CD";;;;;;
2465;"gmanews";"RT @YouScoop: Ilang istruktura ang nasira sa pananalasa ng Bagyong #RubyPH sa Tacloban City. Ulat ni YouScooper @paulguava http://t.co/SySSâ€¦";"NULL";"NULL";1;0;1;"tl";"CD";;;;;;
2466;"princess_ayhie";"RT @YouScoop: Ilang istruktura ang nasira sa pananalasa ng Bagyong #RubyPH sa Tacloban City. Ulat ni YouScooper @paulguava http://t.co/SySSâ€¦";"NULL";"NULL";1;0;1;"tl";"CD";;;;;;
2467;"cj0402";"RT @YouScoop: Ilang istruktura ang nasira sa pananalasa ng Bagyong #RubyPH sa Tacloban City. Ulat ni YouScooper @paulguava http://t.co/SySSâ€¦";"NULL";"NULL";1;0;1;"tl";"CD";;;;;;
2468;"LeoDoraPongan";"RT @YouScoop: Ilang istruktura ang nasira sa pananalasa ng Bagyong #RubyPH sa Tacloban City. Ulat ni YouScooper @paulguava http://t.co/SySSâ€¦";"NULL";"NULL";1;0;1;"tl";"CD";;;;;;
2469;"romeyoandjuliet";"RT @YouScoop: Ilang istruktura ang nasira sa pananalasa ng Bagyong #RubyPH sa Tacloban City. Ulat ni YouScooper @paulguava http://t.co/SySSâ€¦";"NULL";"NULL";1;0;1;"tl";"CD";;;;;;
2470;"mszettieL";"RT @YouScoop: Ilang istruktura ang nasira sa pananalasa ng Bagyong #RubyPH sa Tacloban City. Ulat ni YouScooper @paulguava http://t.co/SySSâ€¦";"NULL";"NULL";1;0;1;"tl";"CD";;;;;;
2471;"violetaportera";"RT @YouScoop: Ilang istruktura ang nasira sa pananalasa ng Bagyong #RubyPH sa Tacloban City. Ulat ni YouScooper @paulguava http://t.co/SySSâ€¦";"NULL";"NULL";1;0;1;"tl";"CD";;;;;;
2472;"Bitchhhesskaaaa";"RT @ABSCBNNews: Mga bahay at tindahang yari sa kahoy at yero sa Tacloban, winasak ng bagyo #RubyPH #Hagupit http://t.co/6KiZNOi0tc | via...";"NULL";"NULL";1;0;1;"tl";"CD";;;;;;
2473;"greyhatph";"RT @YouScoop: Ilang istruktura ang nasira sa pananalasa ng Bagyong #RubyPH sa Tacloban City. Ulat ni YouScooper @paulguava http://t.co/SySSâ€¦";"NULL";"NULL";1;0;1;"tl";"CD";;;;;;
2474;"alexinizer";"RT @YouScoop: Ilang istruktura ang nasira sa pananalasa ng Bagyong #RubyPH sa Tacloban City. Ulat ni YouScooper @paulguava http://t.co/SySSâ€¦";"NULL";"NULL";1;0;1;"tl";"CD";;;;;;
2475;"RealLibraryLady";"RT @YouScoop: Ilang istruktura ang nasira sa pananalasa ng Bagyong #RubyPH sa Tacloban City. Ulat ni YouScooper @paulguava http://t.co/SySSâ€¦";"NULL";"NULL";1;0;1;"tl";"CD";;;;;;
2476;"Hiltonsaitam";"RT @YouScoop: Ilang istruktura ang nasira sa pananalasa ng Bagyong #RubyPH sa Tacloban City. Ulat ni YouScooper @paulguava http://t.co/SySSâ€¦";"NULL";"NULL";1;0;1;"tl";"CD";;;;;;
2477;"KeniticChoy";"RT @YouScoop: Ilang istruktura ang nasira sa pananalasa ng Bagyong #RubyPH sa Tacloban City. Ulat ni YouScooper @paulguava http://t.co/SySSâ€¦";"NULL";"NULL";1;0;1;"tl";"CD";;;;;;
2478;"AnnJaviniar";"RT @YouScoop: Ilang istruktura ang nasira sa pananalasa ng Bagyong #RubyPH sa Tacloban City. Ulat ni YouScooper @paulguava http://t.co/SySSâ€¦";"NULL";"NULL";1;0;1;"tl";"CD";;;;;;
2479;"lordsatanaku";"RT @YouScoop: Ilang istruktura ang nasira sa pananalasa ng Bagyong #RubyPH sa Tacloban City. Ulat ni YouScooper @paulguava http://t.co/SySSâ€¦";"NULL";"NULL";1;0;1;"tl";"CD";;;;;;
2480;"Howieseverino";"RT @YouScoop: Ilang istruktura ang nasira sa pananalasa ng Bagyong #RubyPH sa Tacloban City. Ulat ni YouScooper @paulguava http://t.co/SySSâ€¦";"NULL";"NULL";1;0;1;"tl";"CD";;;;;;
2481;"johanna_dcruz23";"RT @ABSCBNNews: Mga bahay at tindahang yari sa kahoy at yero sa Tacloban, winasak ng bagyo #RubyPH #Hagupit http://t.co/6KiZNOi0tc | via...";"NULL";"NULL";1;0;1;"tl";"CD";;;;;;
2482;"ehlenski";"RT @ABSCBNNews: Mga bahay at tindahang yari sa kahoy at yero sa Tacloban, winasak ng bagyo #RubyPH #Hagupit http://t.co/amBhMH0XjE | via...";"NULL";"NULL";1;0;0;"tl";"CD";;;;;;
2483;"wormfingerz";"RT @YouScoop: Ilang istruktura ang nasira sa pananalasa ng Bagyong #RubyPH sa Tacloban City. Ulat ni YouScooper @paulguava http://t.co/SySSâ€¦";"NULL";"NULL";1;0;1;"tl";"CD";;;;;;
2484;"BAEKAIdy_Crush";"RT @YouScoop: Ilang istruktura ang nasira sa pananalasa ng Bagyong #RubyPH sa Tacloban City. Ulat ni YouScooper @paulguava http://t.co/SySSâ€¦";"NULL";"NULL";1;0;1;"tl";"CD";;;;;;
2485;"badillo_kevin";"RT @ABSCBNNews: Mga bahay at tindahang yari sa kahoy at yero sa Tacloban, winasak ng bagyo #RubyPH #Hagupit http://t.co/6KiZNOi0tc | via...";"NULL";"NULL";1;0;1;"tl";"CD";;;;;;
2486;"infobencana";"RT @ABSCBNNews: Mga bahay at tindahang yari sa kahoy at yero sa Tacloban, winasak ng bagyo #RubyPH #Hagupit http://t.co/6KiZNOi0tc | via...";"NULL";"NULL";1;0;1;"tl";"CD";;;;;;
2487;"paperboylrh";"RT @ABSCBNNews: Mga bahay at tindahang yari sa kahoy at yero sa Tacloban, winasak ng bagyo #RubyPH #Hagupit http://t.co/6KiZNOi0tc | via...";"NULL";"NULL";1;0;1;"tl";"CD";;;;;;
2488;"jhea273";"RT @YouScoop: Ilang istruktura ang nasira sa pananalasa ng Bagyong #RubyPH sa Tacloban City. Ulat ni YouScooper @paulguava http://t.co/SySSâ€¦";"NULL";"NULL";1;0;1;"tl";"CD";;;;;;
2489;"rafaelajade02";"RT @ABSCBNNews: Mga bahay at tindahang yari sa kahoy at yero sa Tacloban, winasak ng bagyo #RubyPH #Hagupit http://t.co/6KiZNOi0tc | via...";"NULL";"NULL";1;0;1;"tl";"CD";;;;;;
2491;"isracede507";"RT @YouScoop: Ilang istruktura ang nasira sa pananalasa ng Bagyong #RubyPH sa Tacloban City. Ulat ni YouScooper @paulguava http://t.co/SySSâ€¦";"NULL";"NULL";1;0;1;"tl";"CD";;;;;;
2492;"jgc310";"RT @ABSCBNNews: Mga bahay at tindahang yari sa kahoy at yero sa Tacloban, winasak ng bagyo #RubyPH #Hagupit http://t.co/6KiZNOi0tc | via...";"NULL";"NULL";1;0;1;"tl";"CD";;;;;;
2493;"CitizenPatrol";"RT @zhandercayabyab: Yolanda bunkhouses sa Sagkahan, Tacloban City, sinira ng bagyong Ruby @DZMMTeleRadyo #RubyPH http://t.co/XOVPahWpO2";"NULL";"NULL";1;0;1;"tl";"CD";;;;;;
2494;"CitizenPatrol";"RT @zhandercayabyab: Yolanda bunkhouses sa Sagkahan, Tacloban, natuklap ang mga bubong dahil sa bagyong Ruby @DZMMTeleRadyo #RubyPH http://â€¦";"NULL";"NULL";1;0;1;"tl";"CD";;;;;;
2495;"notsirthomas";"RT @zhandercayabyab: Yolanda bunkhouses sa Sagkahan, Tacloban, natuklap ang mga bubong dahil sa bagyong Ruby @DZMMTeleRadyo #RubyPH http://â€¦";"NULL";"NULL";1;0;1;"tl";"CD";;;;;;
2496;"RescueTeam926";"RT @zhandercayabyab: Yolanda bunkhouses sa Sagkahan, Tacloban City, sinira ng bagyong Ruby @DZMMTeleRadyo #RubyPH http://t.co/XOVPahWpO2";"NULL";"NULL";1;0;1;"tl";"CD";;;;;;
2497;"janyx_MCMXCI";"RT @zhandercayabyab: Yolanda bunkhouses sa Sagkahan, Tacloban City, sinira ng bagyong Ruby @DZMMTeleRadyo #RubyPH http://t.co/XOVPahWpO2";"NULL";"NULL";1;0;1;"tl";"CD";;;;;;
2498;"gemma_esteban";"RT @zhandercayabyab: Yolanda bunkhouses sa Sagkahan, Tacloban City, sinira ng bagyong Ruby @DZMMTeleRadyo #RubyPH http://t.co/XOVPahWpO2";"NULL";"NULL";1;0;1;"tl";"CD";;;;;;
2499;"Arellaknows";"RT @zhandercayabyab: Yolanda bunkhouses sa Caibaan, Tacloban natuklapan ng bubong @DZMMTeleRadyo #RubyPH http://t.co/H2VSe7qZmV";"NULL";"NULL";1;0;1;"tl";"CD";;;;;;
2500;"Arellaknows";"RT @zhandercayabyab: Yolanda bunkhouses sa Sagkahan, Tacloban City, sinira ng bagyong Ruby @DZMMTeleRadyo #RubyPH http://t.co/XOVPahWpO2";"NULL";"NULL";1;0;1;"tl";"CD";;;;;;
2501;"raynie_arevalo";"RT @zhandercayabyab: Yolanda bunkhouses sa Caibaan, Tacloban natuklapan ng bubong @DZMMTeleRadyo #RubyPH http://t.co/H2VSe7qZmV";"NULL";"NULL";1;0;1;"tl";"CD";;;;;;
2506;"jbelhida";"RT @zhandercayabyab: Yolanda bunkhouses sa Caibaan, Tacloban natuklapan ng bubong @DZMMTeleRadyo #RubyPH http://t.co/H2VSe7qZmV";"NULL";"NULL";1;0;1;"tl";"CD";;;;;;
2507;"jbelhida";"RT @zhandercayabyab: Yolanda bunkhouses sa Caibaan, Tacloban natuklapan ng bubong @DZMMTeleRadyo #RubyPH http://t.co/H2VSe7qZmV";"NULL";"NULL";1;0;1;"tl";"CD";;;;;;
2508;"jbelhida";"RT @zhandercayabyab: Yolanda bunkhouses sa Sagkahan, Tacloban, natuklap ang mga bubong dahil sa bagyong Ruby @DZMMTeleRadyo #RubyPH http://â€¦";"NULL";"NULL";1;0;1;"tl";"CD";;;;;;
2509;"tabsky7";"RT @untvradio1350: 18 taong gulang na lalake sa Iriga City na si Justine C.CaÃ±eso namatay dahil sa sobrang lamig ng panahon #RubyPH";"NULL";"NULL";1;0;1;"tl";"CD";;;;;;
2510;"minda_domingo";"RT @untvradio1350: 18 taong gulang na lalake sa Iriga City na si Justine C.CaÃ±eso namatay dahil sa sobrang lamig ng panahon #RubyPH";"NULL";"NULL";1;0;1;"tl";"CD";;;;;;
2511;"ASugarol";"RT @zhandercayabyab: Yolanda bunkhouses sa Caibaan, Tacloban natuklapan ng bubong @DZMMTeleRadyo #RubyPH http://t.co/H2VSe7qZmV";"NULL";"NULL";1;0;1;"tl";"CD";;;;;;
2518;"xtianlambert";"RT @ABSCBNNews: 'Ruby' damages NGCP power lines in S. Luzon, Visayas http://t.co/G4ejPX36eB #RubyPH";"NULL";"NULL";1;1;1;"tl";"CD";;;;;;
2519;"RobImpe";"RT @ABSCBNNews: 'Ruby' damages NGCP power lines in S. Luzon, Visayas http://t.co/ADvAw5VeIw #RubyPH";"NULL";"NULL";1;1;0;"tl";"CD";;;;;;
2520;"janochelseaa";"RT @ABSCBNNews: 'Ruby' damages NGCP power lines in S. Luzon, Visayas http://t.co/G4ejPX36eB #RubyPH";"NULL";"NULL";1;1;1;"tl";"CD";;;;;;
2521;"jhenevieveGOZUM";"RT @ABSCBNNews: 'Ruby' damages NGCP power lines in S. Luzon, Visayas http://t.co/G4ejPX36eB #RubyPH";"NULL";"NULL";1;1;1;"tl";"CD";;;;;;
2522;"jrealm3";"RT @ABSCBNNews: 'Ruby' damages NGCP power lines in S. Luzon, Visayas http://t.co/G4ejPX36eB #RubyPH";"NULL";"NULL";1;1;1;"tl";"CD";;;;;;
2523;"ItsMeMnhnMatthy";"RT @ABSCBNNews: 'Ruby' damages NGCP power lines in S. Luzon, Visayas http://t.co/G4ejPX36eB #RubyPH";"NULL";"NULL";1;1;1;"tl";"CD";;;;;;
2524;"JennyRockwell";"RT @ABSCBNNews: 'Ruby' damages NGCP power lines in S. Luzon, Visayas http://t.co/YllYgIzmuH #RubyPH";"NULL";"NULL";1;1;0;"tl";"CD";;;;;;
2525;"zk0815";"RT @ABSCBNNews: 'Ruby' damages NGCP power lines in S. Luzon, Visayas http://t.co/G4ejPX36eB #RubyPH";"NULL";"NULL";1;1;1;"tl";"CD";;;;;;
2526;"JenJacildo";"RT @ABSCBNNews: 'Ruby' damages NGCP power lines in S. Luzon, Visayas http://t.co/G4ejPX36eB #RubyPH";"NULL";"NULL";1;1;1;"tl";"CD";;;;;;
2527;"RubyPHNews1";"RT @ABSCBNNews: 'Ruby' damages NGCP power lines in S. Luzon, Visayas http://t.co/G4ejPX36eB #RubyPH";"NULL";"NULL";1;1;1;"tl";"CD";;;;;;
2528;"annmariebolito";"RT @DZMMTeleRadyo: 21 patay sa Eastern Samar dahil sa pananalasa ni #RubyPH ayon sa PRC http://t.co/wG1M91HViF http://t.co/Vz34i04NgI";"NULL";"NULL";1;1;1;"tl";"CD";;;;;;
2529;"GabTheArroyo";"RT @DZMMTeleRadyo: 21 patay sa Eastern Samar dahil sa pananalasa ni #RubyPH ayon sa PRC http://t.co/wG1M91HViF http://t.co/Vz34i04NgI";"NULL";"NULL";1;1;1;"tl";"CD";;;;;;
2530;"Hey_Its_Raye";"RT @DZMMTeleRadyo: 21 patay sa Eastern Samar dahil sa pananalasa ni #RubyPH ayon sa PRC http://t.co/wG1M91HViF http://t.co/Vz34i04NgI";"NULL";"NULL";1;1;1;"tl";"CD";;;;;;
2531;"MissRivera_2MT";"RT @DZMMTeleRadyo: 21 patay sa Eastern Samar dahil sa pananalasa ni #RubyPH ayon sa PRC http://t.co/wG1M91HViF http://t.co/Vz34i04NgI";"NULL";"NULL";1;1;1;"tl";"CD";;;;;;
2532;"AVENGELIE";"RT @DZMMTeleRadyo: 21 patay sa Eastern Samar dahil sa pananalasa ni #RubyPH ayon sa PRC http://t.co/wG1M91HViF http://t.co/Vz34i04NgI";"NULL";"NULL";1;1;1;"tl";"CD";;;;;;
2533;"supergelo16";"RT @gmanews: Umakyat na sa 22 ang naitalang nasawi ng @philredcross dahil sa Bagyong #RubyPH ayon kay @ChairmanGordon. | via @dzbb";"NULL";"NULL";1;0;1;"tl";"CD";;;;;;
2534;"PinoyHikikomori";"RT @gmanews: Umakyat na sa 22 ang naitalang nasawi ng @philredcross dahil sa Bagyong #RubyPH ayon kay @ChairmanGordon. | via @dzbb";"NULL";"NULL";1;0;1;"tl";"CD";;;;;;
2535;"GELAtissimoooo";"RT @gmanews: Umakyat na sa 22 ang naitalang nasawi ng @philredcross dahil sa Bagyong #RubyPH ayon kay @ChairmanGordon. | via @dzbb";"NULL";"NULL";1;0;1;"tl";"CD";;;;;;
2536;"prncsshazel";"RT @gmanews: Umakyat na sa 22 ang naitalang nasawi ng @philredcross dahil sa Bagyong #RubyPH ayon kay @ChairmanGordon. | via @dzbb";"NULL";"NULL";1;0;1;"tl";"CD";;;;;;
2537;"itsxtiancapuyan";"RT @gmanews: Umakyat na sa 22 ang naitalang nasawi ng @philredcross dahil sa Bagyong #RubyPH ayon kay @ChairmanGordon. | via @dzbb";"NULL";"NULL";1;0;1;"tl";"CD";;;;;;
2538;"RescueTeam926";"RT @gmanews: Umakyat na sa 22 ang naitalang nasawi ng @philredcross dahil sa Bagyong #RubyPH ayon kay @ChairmanGordon. | via @dzbb";"NULL";"NULL";1;0;1;"tl";"CD";;;;;;
2539;"Vangio_Robles";"RT @gmanews: Umakyat na sa 22 ang naitalang nasawi ng @philredcross dahil sa Bagyong #RubyPH ayon kay @ChairmanGordon. | via @dzbb";"NULL";"NULL";1;0;1;"tl";"CD";;;;;;
2541;"barnabychuck";"RT @gmanews: Umakyat na sa 22 ang naitalang nasawi ng @philredcross dahil sa Bagyong #RubyPH ayon kay @ChairmanGordon. | via @dzbb";"NULL";"NULL";1;0;0;"tl";"CD";;;;;;
2543;"banderainquirer";"RT @JohnMRoson: 16 dead in E. Visayas alone (Leyte-2";"N.Samar-7";"E.Samar-5";"W.Samar-1";"Biliran-1)";" 5 hurt";" 1 missing - PNP Reg. 8 PCR | #RubyPHâ€¦";"NULL";"NULL";1;0;1;"tl";"CD"
2544;"alexvincentm";"RT @gmanews: Umakyat na sa 22 ang naitalang nasawi ng @philredcross dahil sa Bagyong #RubyPH ayon kay @ChairmanGordon. | via @dzbb";"NULL";"NULL";1;0;1;"tl";"CD";;;;;;
2545;"hainkamana";"RT @JohnMRoson: 16 dead in E. Visayas alone (Leyte-2";"N.Samar-7";"E.Samar-5";"W.Samar-1";"Biliran-1)";" 5 hurt";" 1 missing - PNP Reg. 8 PCR | #RubyPHâ€¦";"NULL";"NULL";1;0;1;"tl";"CD"
2546;"tsaaarms";"RT @gmanews: Umakyat na sa 22 ang naitalang nasawi ng @philredcross dahil sa Bagyong #RubyPH ayon kay @ChairmanGordon. | via @dzbb";"NULL";"NULL";1;0;1;"tl";"CD";;;;;;
2547;"KeniticChoy";"RT @gmanews: Umakyat na sa 22 ang naitalang nasawi ng @philredcross dahil sa Bagyong #RubyPH ayon kay @ChairmanGordon. | via @dzbb";"NULL";"NULL";1;0;1;"tl";"CD";;;;;;
2548;"sarahsongalia";"RT @gmanews: Umakyat na sa 22 ang naitalang nasawi ng @philredcross dahil sa Bagyong #RubyPH ayon kay @ChairmanGordon. | via @dzbb";"NULL";"NULL";1;0;1;"tl";"CD";;;;;;
2549;"Lyssa4everSONE";"RT @gmanews: Umakyat na sa 22 ang naitalang nasawi ng @philredcross dahil sa Bagyong #RubyPH ayon kay @ChairmanGordon. | via @dzbb";"NULL";"NULL";1;0;1;"tl";"CD";;;;;;
2551;"quicoong1221";"RT @JohnMRoson: 16 dead in E. Visayas alone (Leyte-2";"N.Samar-7";"E.Samar-5";"W.Samar-1";"Biliran-1)";" 5 hurt";" 1 missing - PNP Reg. 8 PCR | #RubyPHâ€¦";"NULL";"NULL";1;0;1;"tl";"CD"
2552;"RubyPHNews1";"RT @gmanews: Umakyat na sa 22 ang naitalang nasawi ng @philredcross dahil sa Bagyong #RubyPH ayon kay @ChairmanGordon. | via @dzbb";"NULL";"NULL";1;0;1;"tl";"CD";;;;;;
2553;"annmariebolito";"RT @DZMMTeleRadyo: 500 pamilya, inilikas sa San Juan, Batangas #RubyPH| ulat ni @arnellozaeta";"NULL";"NULL";1;0;1;"tl";"CD";;;;;;
2554;"Marwiiiiiiin";"RT @DZMMTeleRadyo: 500 pamilya, inilikas sa San Juan, Batangas #RubyPH| ulat ni @arnellozaeta";"NULL";"NULL";1;0;1;"tl";"CD";;;;;;
2555;"vince5hc";"RT @DZMMTeleRadyo: 500 pamilya, inilikas sa San Juan, Batangas #RubyPH| ulat ni @arnellozaeta";"NULL";"NULL";1;0;1;"tl";"CD";;;;;;
2556;"jerizesay";"RT @gmanews: Umakyat na sa 22 ang naitalang nasawi ng @philredcross dahil sa Bagyong #RubyPH ayon kay @ChairmanGordon. | via @dzbb";"NULL";"NULL";1;0;1;"tl";"CD";;;;;;
2557;"sarahsongalia";"RT @DZMMTeleRadyo: 23 patay sa Visayas dahil sa bagsik ni #RubyPH - Red Cross http://t.co/vTEBhkJS8n";"NULL";"NULL";1;1;1;"tl";"CD";;;;;;
2558;"badillo_kevin";"RT @DZMMTeleRadyo: 23 patay sa Visayas dahil sa bagsik ni #RubyPH - Red Cross http://t.co/vTEBhkJS8n";"NULL";"NULL";1;1;1;"tl";"CD";;;;;;
2559;"badillo_kevin";"RT @DZMMTeleRadyo: 500 pamilya, inilikas sa San Juan, Batangas #RubyPH| ulat ni @arnellozaeta";"NULL";"NULL";1;0;1;"tl";"CD";;;;;;
2560;"badillo_kevin";"RT @DZMMTeleRadyo: 21 patay sa Eastern Samar dahil sa pananalasa ni #RubyPH ayon sa PRC http://t.co/wG1M91HViF http://t.co/Vz34i04NgI";"NULL";"NULL";1;1;1;"tl";"CD";;;;;;
2561;"justmeLhiez";"RT @DZMMTeleRadyo: 500 pamilya, inilikas sa San Juan, Batangas #RubyPH| ulat ni @arnellozaeta";"NULL";"NULL";1;0;1;"tl";"CD";;;;;;
2562;"banderainquirer";"RT @JohnMRoson: 3,302 persons have evacuated in Paranaque & Muntinlupa as of 6 p.m. -- PNP NCR Southern Police District | #RubyPH @banderaiâ€¦";"NULL";"NULL";1;0;1;"tl";"CD";;;;;;
2563;"RubyPHNews1";"RT @DZMMTeleRadyo: 23 patay sa Visayas dahil sa bagsik ni #RubyPH - Red Cross http://t.co/vTEBhkJS8n";"NULL";"NULL";1;1;1;"tl";"CD";;;;;;
2564;"RubyPHNews1";"RT @DZMMTeleRadyo: 500 pamilya, inilikas sa San Juan, Batangas #RubyPH| ulat ni @arnellozaeta";"NULL";"NULL";1;0;1;"tl";"CD";;;;;;
2580;"saksi";"Hindi bababa sa 23 ang patay sa hagupit ng Bagyong #RubyPH, base po sa tala ng @philredcross.";"NULL";"NULL";1;0;0;"tl";"CD";;;;;;
