"TweetID";"User";"Tweet";"Latitude";"Longitude";"IsHashtag";"IsURL";"IsRetweet";"Language";"Category"
1;"marrialigaya";"""@ANCALERTS: NDRRMC: 3 dead due to #RubyPH"" tsk";14.752156;121.079288;1;0;0;"tl";"CD"
2;"IGMOlayvar";"""@DZMMTeleRadyo: Bubong at kisame ng Tacloban Airport, sinira ni #RubyPH http://t.co/FZHADakW9X http://t.co/0u0ziXbw9e"" grabe";"NULL";"NULL";1;1;0;"tl";"CD"
3;"blujay_chabby";"""@gmanews: #RubyPH update mula sa press briefing ng DILG: Walang naitalang casualty sa Leyte."" Good to hear. Sana sa ibang lugar din :)";"NULL";"NULL";1;0;0;"tl";"CD"
4;"MerryEdear";"""@gmanews: #RubyPH update mula sa press briefing ng DILG: Walang naitalang casualty sa Leyte."" Thank you Lord! :)";"NULL";"NULL";1;0;0;"tl";"CD"
5;"MarkGascon1";"""@gmanews: Bagsak na ang linya ng komunikasyon sa mga bayan sa Northeastern Samar. #RubyPH | via @PeeweeHero @dzbb""";10.717486;125.794168;1;0;0;"tl";"CD"
6;"meecatok";"""@gmanews: Bagsak na ang linya ng komunikasyon sa mga bayan sa Northeastern Samar. #RubyPH | via @PeeweeHero @dzbb""";"NULL";"NULL";1;0;0;"tl";"CD"
7;"IamTheLawler";"""@gmanews: Bagsak na ang linya ng komunikasyon sa mga bayan sa Northeastern Samar. #RubyPH | via @PeeweeHero @dzbb"" keep safe everyone";14.815947;121.071702;1;0;0;"tl";"CD"
8;"ariescaringal";"RT @gmanews: ROMBLON — As of 2:30PM, 30,689 na ang total evacuees sa buong probinsya, ayon sa PSWD. #RubyPH via @akosiJaysent";"NULL";"NULL";1;0;1;"tl";"CD"
9;"JholimaGlory";"RT @gmanews: ROMBLON — As of 2:30PM, 30,689 na ang total evacuees sa buong probinsya, ayon sa PSWD. #RubyPH via @akosiJaysent";"NULL";"NULL";1;0;1;"tl";"CD"
10;"chingbee1";"RT @gmanews: ROMBLON — As of 2:30PM, 30,689 na ang total evacuees sa buong probinsya, ayon sa PSWD. #RubyPH via @akosiJaysent";"NULL";"NULL";1;0;1;"tl";"CD"
11;"christheene18";"RT @gmanews: ROMBLON — As of 2:30PM, 30,689 na ang total evacuees sa buong probinsya, ayon sa PSWD. #RubyPH via @akosiJaysent";"NULL";"NULL";1;0;1;"tl";"CD"
12;"KeniticChoy";"RT @gmanews: ROMBLON — As of 2:30PM, 30,689 na ang total evacuees sa buong probinsya, ayon sa PSWD. #RubyPH via @akosiJaysent";"NULL";"NULL";1;0;1;"tl";"CD"
13;"khimfampo_23";"RT @gmanews: ROMBLON — As of 2:30PM, 30,689 na ang total evacuees sa buong probinsya, ayon sa PSWD. #RubyPH via @akosiJaysent";"NULL";"NULL";1;0;1;"tl";"CD"
14;"CyeFruelda";"RT @gmanews: ROMBLON — As of 2:30PM, 30,689 na ang total evacuees sa buong probinsya, ayon sa PSWD. #RubyPH via @akosiJaysent";"NULL";"NULL";1;0;1;"tl";"CD"
15;"MartinXmarin";"RT @gmanews: VIDEO: Bagyong #RubyPH, nagdulot ng malakas na ulan at hangin sa Sorsogon http://t.co/EVRQ1xVvr6 http://t.co/BAJbJAO29Z";"NULL";"NULL";1;1;1;"tl";"CD"
16;"iTsmeJamesNero";"RT @gmanews: VIDEO: Bagyong #RubyPH, nagdulot ng malakas na ulan at hangin sa Sorsogon http://t.co/EVRQ1xVvr6 http://t.co/BAJbJAO29Z";"NULL";"NULL";1;1;1;"tl";"CD"
17;"Iampicardal";"RT @gmanews: VIDEO: Bagyong #RubyPH, nagdulot ng malakas na ulan at hangin sa Sorsogon http://t.co/EVRQ1xVvr6 http://t.co/BAJbJAO29Z";"NULL";"NULL";1;1;1;"tl";"CD"
18;"nnnikkka";"RT @gmanews: VIDEO: Bagyong #RubyPH, nagdulot ng malakas na ulan at hangin sa Sorsogon http://t.co/EVRQ1xVvr6 http://t.co/BAJbJAO29Z";"NULL";"NULL";1;1;1;"tl";"CD"
19;"mikan4ever";"RT @gmanews: VIDEO: Bagyong #RubyPH, nagdulot ng malakas na ulan at hangin sa Sorsogon http://t.co/EVRQ1xVvr6 http://t.co/BAJbJAO29Z";"NULL";"NULL";1;1;1;"tl";"CD"
20;"stewartricero";"RT @gmanews: VIDEO: Bagyong #RubyPH, nagdulot ng malakas na ulan at hangin sa Sorsogon http://t.co/EVRQ1xVvr6 http://t.co/BAJbJAO29Z";"NULL";"NULL";1;1;1;"tl";"CD"
21;"KeniticChoy";"RT @gmanews: VIDEO: Bagyong #RubyPH, nagdulot ng malakas na ulan at hangin sa Sorsogon http://t.co/EVRQ1xVvr6 http://t.co/BAJbJAO29Z";"NULL";"NULL";1;1;1;"tl";"CD"
22;"lovi_143";"RT @gmanews: VIDEO: Bagyong #RubyPH, nagdulot ng malakas na ulan at hangin sa Sorsogon http://t.co/EVRQ1xVvr6 http://t.co/BAJbJAO29Z";"NULL";"NULL";1;1;1;"tl";"CD"
23;"JessaJofficial";"RT @gmanews: VIDEO: Bagyong #RubyPH, nagdulot ng malakas na ulan at hangin sa Sorsogon http://t.co/EVRQ1xVvr6 http://t.co/BAJbJAO29Z";"NULL";"NULL";1;1;1;"tl";"CD"
24;"heephrodisiac";"RT @gmanews: VIDEO: Bagyong #RubyPH, nagdulot ng malawak na pinsala sa Catbalogan, Samar http://t.co/DfA9ZNhkhL http://t.co/hUOpTVTm2S";"NULL";"NULL";1;1;1;"tl";"CD"
25;"cassiebabyleigh";"RT @gmanews: VIDEO: Bagyong #RubyPH, nagdulot ng malawak na pinsala sa Catbalogan, Samar http://t.co/DfA9ZNhkhL http://t.co/hUOpTVTm2S";"NULL";"NULL";1;1;1;"tl";"CD"
26;"PurpleMonik";"RT @gmanews: VIDEO: Bagyong #RubyPH, nagdulot ng malawak na pinsala sa Catbalogan, Samar http://t.co/DfA9ZNhkhL http://t.co/hUOpTVTm2S";"NULL";"NULL";1;1;1;"tl";"CD"
27;"KhryssMalen30";"RT @gmanews: VIDEO: Bagyong #RubyPH, nagdulot ng malawak na pinsala sa Catbalogan, Samar http://t.co/DfA9ZNhkhL http://t.co/hUOpTVTm2S";"NULL";"NULL";1;1;1;"tl";"CD"
28;"Aeonflus";"RT @gmanews: VIDEO: Bagyong #RubyPH, nagdulot ng malawak na pinsala sa Catbalogan, Samar http://t.co/DfA9ZNhkhL http://t.co/hUOpTVTm2S";"NULL";"NULL";1;1;1;"tl";"CD"
29;"RubyPHNews1";"RT @gmanews: VIDEO: Bagyong #RubyPH, nagdulot ng malawak na pinsala sa Catbalogan, Samar http://t.co/DfA9ZNhkhL http://t.co/hUOpTVTm2S";"NULL";"NULL";1;1;1;"tl";"CD"
30;"clarissemado";"RT @gmanews: VIDEO: Bagyong #RubyPH, nagdulot ng malawak na pinsala sa Catbalogan, Samar http://t.co/DfA9ZNhkhL http://t.co/hUOpTVTm2S";"NULL";"NULL";1;1;1;"tl";"CD"
31;"glennpooot";"RT @gmanews: VIDEO: Bagyong #RubyPH, nagdulot ng malawak na pinsala sa Catbalogan, Samar http://t.co/DfA9ZNhkhL http://t.co/hUOpTVTm2S";"NULL";"NULL";1;1;1;"tl";"CD"
32;"AnitaKapoor";"RT @gmanews: VIDEO: Bagyong #RubyPH, nagdulot ng malawak na pinsala sa Catbalogan, Samar http://t.co/DfA9ZNhkhL http://t.co/hUOpTVTm2S";"NULL";"NULL";1;1;1;"tl";"CD"
33;"TUPManila_USG";"RT @gmanews: VIDEO: Bagyong #RubyPH, nagdulot ng malawak na pinsala sa Catbalogan, Samar http://t.co/DfA9ZNhkhL http://t.co/hUOpTVTm2S";"NULL";"NULL";1;1;1;"tl";"CD"
34;"ellemorre";"RT @gmanews: VIDEO: Bagyong #RubyPH, nagdulot ng malawak na pinsala sa Catbalogan, Samar http://t.co/DfA9ZNhkhL http://t.co/hUOpTVTm2S";"NULL";"NULL";1;1;1;"tl";"CD"
35;"Liizziiiiieeee";"RT @gmanews: VIDEO: Bagyong #RubyPH, nagdulot ng malawak na pinsala sa Catbalogan, Samar http://t.co/DfA9ZNhkhL http://t.co/hUOpTVTm2S";"NULL";"NULL";1;1;1;"tl";"CD"
36;"Terri_estupendo";"RT @gmanews: VIDEO: Bagyong #RubyPH, nagdulot ng malawak na pinsala sa Catbalogan, Samar http://t.co/DfA9ZNhkhL http://t.co/hUOpTVTm2S";"NULL";"NULL";1;1;1;"tl";"CD"
37;"KeniticChoy";"RT @gmanews: VIDEO: Bagyong #RubyPH, nagdulot ng malawak na pinsala sa Catbalogan, Samar http://t.co/DfA9ZNhkhL http://t.co/hUOpTVTm2S";"NULL";"NULL";1;1;1;"tl";"CD"
38;"jstnmrfl";"RT @gmanews: VIDEO: Bagyong #RubyPH, nagdulot ng malawak na pinsala sa Catbalogan, Samar http://t.co/DfA9ZNhkhL http://t.co/hUOpTVTm2S";"NULL";"NULL";1;1;1;"tl";"CD"
39;"jayveellage";"RT @gmanews: VIDEO: Baha at mga pinsala sa imprastraktura, iniwan ng Bagyong #RubyPH http://t.co/lv9AkEYIev http://t.co/tpSDNXnrIV";"NULL";"NULL";1;1;1;"tl";"CD"
40;"sexymhel";"RT @gmanews: VIDEO: Baha at mga pinsala sa imprastraktura, iniwan ng Bagyong #RubyPH http://t.co/lv9AkEYIev http://t.co/tpSDNXnrIV";"NULL";"NULL";1;1;1;"tl";"CD"
41;"sotto_fiona";"RT @gmanews: VIDEO: Baha at mga pinsala sa imprastraktura, iniwan ng Bagyong #RubyPH http://t.co/lv9AkEYIev http://t.co/tpSDNXnrIV";"NULL";"NULL";1;1;1;"tl";"CD"
42;"akosidarkcloud";"RT @gmanews: VIDEO: Baha at mga pinsala sa imprastraktura, iniwan ng Bagyong #RubyPH http://t.co/lv9AkEYIev http://t.co/tpSDNXnrIV";"NULL";"NULL";1;1;1;"tl";"CD"
43;"jahstinesurio";"RT @gmanews: VIDEO: Baha at mga pinsala sa imprastraktura, iniwan ng Bagyong #RubyPH http://t.co/lv9AkEYIev http://t.co/tpSDNXnrIV";"NULL";"NULL";1;1;1;"tl";"CD"
44;"itsmeMayetteXD";"RT @gmanews: VIDEO: Baha at mga pinsala sa imprastraktura, iniwan ng Bagyong #RubyPH http://t.co/lv9AkEYIev http://t.co/tpSDNXnrIV";"NULL";"NULL";1;1;1;"tl";"CD"
45;"KeniticChoy";"RT @gmanews: VIDEO: Baha at mga pinsala sa imprastraktura, iniwan ng Bagyong #RubyPH http://t.co/lv9AkEYIev http://t.co/tpSDNXnrIV";"NULL";"NULL";1;1;1;"tl";"CD"
46;"francismagsajo";"RT @gmanews: VIDEO: Dalawa, nasawi sa pananalasa ng Bagyong #RubyPH sa Dolores, Eastern Samar http://t.co/Cb0YyL8BdL http://t.co/uw0ITm5npt";"NULL";"NULL";1;1;1;"tl";"CD"
47;"RubyPHNews1";"RT @gmanews: VIDEO: Dalawa, nasawi sa pananalasa ng Bagyong #RubyPH sa Dolores, Eastern Samar http://t.co/Cb0YyL8BdL http://t.co/uw0ITm5npt";"NULL";"NULL";1;1;1;"tl";"CD"
48;"violetagloria";"RT @gmanews: VIDEO: Dalawa, nasawi sa pananalasa ng Bagyong #RubyPH sa Dolores, Eastern Samar http://t.co/Cb0YyL8BdL http://t.co/uw0ITm5npt";"NULL";"NULL";1;1;1;"tl";"CD"
49;"mawexduque";"RT @gmanews: VIDEO: Dalawa, nasawi sa pananalasa ng Bagyong #RubyPH sa Dolores, Eastern Samar http://t.co/Cb0YyL8BdL http://t.co/uw0ITm5npt";"NULL";"NULL";1;1;1;"tl";"CD"
50;"ljr_leigh";"RT @gmanews: VIDEO: Dalawa, nasawi sa pananalasa ng Bagyong #RubyPH sa Dolores, Eastern Samar http://t.co/Cb0YyL8BdL http://t.co/uw0ITm5npt";"NULL";"NULL";1;1;1;"tl";"CD"
51;"vinnmartin";"RT @gmanews: VIDEO: Dalawa, nasawi sa pananalasa ng Bagyong #RubyPH sa Dolores, Eastern Samar http://t.co/Cb0YyL8BdL http://t.co/uw0ITm5npt";"NULL";"NULL";1;1;1;"tl";"CD"
52;"alrenjerome";"RT @gmanews: VIDEO: Dalawa, nasawi sa pananalasa ng Bagyong #RubyPH sa Dolores, Eastern Samar http://t.co/Cb0YyL8BdL http://t.co/uw0ITm5npt";"NULL";"NULL";1;1;1;"tl";"CD"
53;"lalaculala";"RT @gmanews: VIDEO: Dalawa, nasawi sa pananalasa ng Bagyong #RubyPH sa Dolores, Eastern Samar http://t.co/Cb0YyL8BdL http://t.co/uw0ITm5npt";"NULL";"NULL";1;1;1;"tl";"CD"
54;"bebebombia_5sex";"RT @gmanews: VIDEO: Dalawa, nasawi sa pananalasa ng Bagyong #RubyPH sa Dolores, Eastern Samar http://t.co/Cb0YyL8BdL http://t.co/uw0ITm5npt";"NULL";"NULL";1;1;1;"tl";"CD"
55;"haze_gear";"RT @gmanews: VIDEO: Dalawa, nasawi sa pananalasa ng Bagyong #RubyPH sa Dolores, Eastern Samar http://t.co/Cb0YyL8BdL http://t.co/uw0ITm5npt";"NULL";"NULL";1;1;1;"tl";"CD"
56;"erwinmoon";"RT @gmanews: VIDEO: Dalawa, nasawi sa pananalasa ng Bagyong #RubyPH sa Dolores, Eastern Samar http://t.co/Cb0YyL8BdL http://t.co/uw0ITm5npt";"NULL";"NULL";1;1;1;"tl";"CD"
57;"KimVianca";"RT @gmanews: VIDEO: Dalawa, nasawi sa pananalasa ng Bagyong #RubyPH sa Dolores, Eastern Samar http://t.co/Cb0YyL8BdL http://t.co/uw0ITm5npt";"NULL";"NULL";1;1;1;"tl";"CD"
58;"yanxq";"RT @gmanews: VIDEO: Dalawa, nasawi sa pananalasa ng Bagyong #RubyPH sa Dolores, Eastern Samar http://t.co/Cb0YyL8BdL http://t.co/uw0ITm5npt";"NULL";"NULL";1;1;1;"tl";"CD"
59;"KeniticChoy";"RT @gmanews: VIDEO: Dalawa, nasawi sa pananalasa ng Bagyong #RubyPH sa Dolores, Eastern Samar http://t.co/Cb0YyL8BdL http://t.co/uw0ITm5npt";"NULL";"NULL";1;1;1;"tl";"CD"
60;"cyrllbgl";"RT @gmanews: VIDEO: Dalawa, nasawi sa pananalasa ng Bagyong #RubyPH sa Dolores, Eastern Samar http://t.co/Cb0YyL8BdL http://t.co/uw0ITm5npt";"NULL";"NULL";1;1;1;"tl";"CD"
61;"GeraldineBerdan";"RT @gmanews: VIDEO: Dalawa, nasawi sa pananalasa ng Bagyong #RubyPH sa Dolores, Eastern Samar http://t.co/Cb0YyL8BdL http://t.co/uw0ITm5npt";"NULL";"NULL";1;1;1;"tl";"CD"
62;"JennyRockwell";"RT @gmanews: VIDEO: Mahigit 200,000 residente, lumikas sa Sorsogon dahil sa Bagyong #RubyPH http://t.co/1SPOOw4WVF http://t.co/XJerjp7yWk";"NULL";"NULL";1;1;0;"tl";"CD"
63;"erwinmoon";"RT @gmanews: VIDEO: Mahigit 200,000 residente, lumikas sa Sorsogon dahil sa Bagyong #RubyPH http://t.co/LrGpUfA9zZ http://t.co/hdrBnLajUj";"NULL";"NULL";1;1;1;"tl";"CD"
64;"swifTaylor27";"RT @gmanews: VIDEO: Mahigit 200,000 residente, lumikas sa Sorsogon dahil sa Bagyong #RubyPH http://t.co/LrGpUfA9zZ http://t.co/hdrBnLajUj";"NULL";"NULL";1;1;1;"tl";"CD"
65;"yujidetorres";"RT @gmanews: VIDEO: Mahigit 200,000 residente, lumikas sa Sorsogon dahil sa Bagyong #RubyPH http://t.co/LrGpUfA9zZ http://t.co/hdrBnLajUj";"NULL";"NULL";1;1;1;"tl";"CD"
66;"indayevarona";"RT @gmanews: VIDEO: Mahigit 200,000 residente, lumikas sa Sorsogon dahil sa Bagyong #RubyPH http://t.co/LrGpUfA9zZ http://t.co/hdrBnLajUj";"NULL";"NULL";1;1;1;"tl";"CD"
67;"sarca_sam";"RT @gmanews: VIDEO: Mahigit 200,000 residente, lumikas sa Sorsogon dahil sa Bagyong #RubyPH http://t.co/LrGpUfA9zZ http://t.co/hdrBnLajUj";"NULL";"NULL";1;1;1;"tl";"CD"
68;"haze_gear";"RT @gmanews: VIDEO: Mahigit 200,000 residente, lumikas sa Sorsogon dahil sa Bagyong #RubyPH http://t.co/LrGpUfA9zZ http://t.co/hdrBnLajUj";"NULL";"NULL";1;1;1;"tl";"CD"
69;"MhegMm";"RT @gmanews: VIDEO: Mahigit 200,000 residente, lumikas sa Sorsogon dahil sa Bagyong #RubyPH http://t.co/LrGpUfA9zZ http://t.co/hdrBnLajUj";"NULL";"NULL";1;1;1;"tl";"CD"
70;"KeniticChoy";"RT @gmanews: VIDEO: Mahigit 200,000 residente, lumikas sa Sorsogon dahil sa Bagyong #RubyPH http://t.co/LrGpUfA9zZ http://t.co/hdrBnLajUj";"NULL";"NULL";1;1;1;"tl";"CD"
71;"jay_divina";"RT @gmanews: VIDEO: Mahigit 200,000 residente, lumikas sa Sorsogon dahil sa Bagyong #RubyPH http://t.co/LrGpUfA9zZ http://t.co/hdrBnLajUj";"NULL";"NULL";1;1;1;"tl";"CD"
72;"intelcoregeous";"RT @gmanews: VIDEO: Mahigit 200,000 residente, lumikas sa Sorsogon dahil sa Bagyong #RubyPH http://t.co/LrGpUfA9zZ http://t.co/hdrBnLajUj";"NULL";"NULL";1;1;1;"tl";"CD"
73;"StevenBaldesco";"RT @IMReadyPH: As of 6:00am, walang naitalang casualty sa Catbalogan City,Samar- ayon kay Mayor Stephanie Uy-Tan. #RubyPH | via @dzbb";"NULL";"NULL";1;0;1;"tl";"CD"
74;"JosephDatalio";"RT @IMReadyPH: As of 6:00am, walang naitalang casualty sa Catbalogan City,Samar- ayon kay Mayor Stephanie Uy-Tan. #RubyPH | via @dzbb";"NULL";"NULL";1;0;1;"tl";"CD"
75;"gmakf";"RT @IMReadyPH: As of 6:00am, walang naitalang casualty sa Catbalogan City,Samar- ayon kay Mayor Stephanie Uy-Tan. #RubyPH | via @dzbb";"NULL";"NULL";1;0;1;"tl";"CD"
76;"YouScoop";"RT @IMReadyPH: As of 6:00am, walang naitalang casualty sa Catbalogan City,Samar- ayon kay Mayor Stephanie Uy-Tan. #RubyPH | via @dzbb";"NULL";"NULL";1;0;1;"tl";"CD"
77;"thecrazyCzar";"RT @itsbeben11: ""Electric post downed by strong winds in Abucay, Tacloban. #RubyPH (Photo via Zhander Cayabyab) via @ANCALERTS"" NKKLK http:…";"NULL";"NULL";1;0;1;"tl";"CD"
78;"CHRISpylisyus";"RT @itsbeben11: ""Electric post downed by strong winds in Abucay, Tacloban. #RubyPH (Photo via Zhander Cayabyab) via @ANCALERTS"" NKKLK http:…";"NULL";"NULL";1;0;1;"tl";"CD"
79;"earvin55";"RT @itsbeben11: ""Electric post downed by strong winds in Abucay, Tacloban. #RubyPH (Photo via Zhander Cayabyab) via @ANCALERTS"" NKKLK http:…";"NULL";"NULL";1;0;1;"tl";"CD"
80;"AKAsleepyhead";"RT @itsbeben11: ""Electric post downed by strong winds in Abucay, Tacloban. #RubyPH (Photo via Zhander Cayabyab) via @ANCALERTS"" NKKLK http:…";"NULL";"NULL";1;0;1;"tl";"CD"
81;"imDianavalencia";"RT @News5AKSYON: #AksyonSaHagupit: 10 bahay sa dalampasigan ng Albay, tinangay ng malakas na alon #RubyPH | Ulat ni @edlingao";"NULL";"NULL";1;0;1;"tl";"CD"
82;"mjmarfori";"RT @News5AKSYON: #AksyonSaHagupit: 10 bahay sa dalampasigan ng Albay, tinangay ng malakas na alon #RubyPH | Ulat ni @edlingao";"NULL";"NULL";1;0;1;"tl";"CD"
83;"TechDebit";"RT @News5AKSYON: #AksyonSaHagupit: 10 bahay sa dalampasigan ng Albay, tinangay ng malakas na alon #RubyPH | Ulat ni @edlingao";"NULL";"NULL";1;0;1;"tl";"CD"
84;"jozelleanne";"RT @News5AKSYON: #AksyonSaHagupit: Gov. Sharee Ann Tan: Higit 28,000 pamilya ang inilikas dahil sa Bagyong #RubyPH";"NULL";"NULL";1;0;1;"tl";"CD"
85;"mskeinajane";"RT @News5AKSYON: #AksyonSaHagupit: Gov. Sharee Ann Tan: Higit 28,000 pamilya ang inilikas dahil sa Bagyong #RubyPH";"NULL";"NULL";1;0;1;"tl";"CD"
86;"mylsvalenciaTV5";"RT @News5AKSYON: #AksyonSaHagupit: Gov. Sharee Ann Tan: Higit 28,000 pamilya ang inilikas dahil sa Bagyong #RubyPH";"NULL";"NULL";1;0;1;"tl";"CD"
87;"mechelleflorita";"RT @News5AKSYON: ROMBLON: As of 2:30PM, umabot na sa 9,584 pamilya o 30,689 katao na ang inilikas sa mga evacuation center. #RubyPH | via @…";"NULL";"NULL";1;0;1;"tl";"CD"
88;"imamilatencio";"RT @News5AKSYON: ROMBLON: As of 2:30PM, umabot na sa 9,584 pamilya o 30,689 katao na ang inilikas sa mga evacuation center. #RubyPH | via @…";"NULL";"NULL";1;0;1;"tl";"CD"
89;"iamPxMx";"RT @News5AKSYON: ROMBLON: As of 2:30PM, umabot na sa 9,584 pamilya o 30,689 katao na ang inilikas sa mga evacuation center. #RubyPH | via @…";"NULL";"NULL";1;0;1;"tl";"CD"
90;"B13Del";"RT @sunstarcebu: .@dsm_sunstar: #RubyPH topples electrical post in Barangay Talisay, Daanbantayan, #Cebu http://t.co/5BOBcnZYSE";"NULL";"NULL";1;0;1;"tl";"CD"
91;"rairosell";"RT @sunstarcebu: .@dsm_sunstar: #RubyPH topples electrical post in Barangay Talisay, Daanbantayan, #Cebu http://t.co/5BOBcnZYSE";"NULL";"NULL";1;0;1;"tl";"CD"
92;"mikelimpag";"RT @sunstarcebu: .@dsm_sunstar: #RubyPH topples electrical post in Barangay Talisay, Daanbantayan, #Cebu http://t.co/5BOBcnZYSE";"NULL";"NULL";1;0;1;"tl";"CD"
93;"yentot6788";"RT @sunstarcebu: .@dsm_sunstar: #RubyPH topples electrical post in Barangay Talisay, Daanbantayan, #Cebu http://t.co/5BOBcnZYSE";"NULL";"NULL";1;0;1;"tl";"CD"
94;"News5AKSYON";"#AKSYON: Mga billboard sa EDSA, tinupi na dahil sa banta ng Bagyong #RubyPH | Ulat ni @inazara";"NULL";"NULL";1;0;0;"tl";"CD"
95;"laurencejadea";"RT @News5AKSYON: #AKSYON: Mga billboard sa EDSA, tinupi na dahil sa banta ng Bagyong #RubyPH | Ulat ni @inazara";"NULL";"NULL";1;0;1;"tl";"CD"
96;"TV5manila";"RT @News5AKSYON: #AKSYON: Mga billboard sa EDSA, tinupi na dahil sa banta ng Bagyong #RubyPH | Ulat ni @inazara";"NULL";"NULL";1;0;1;"tl";"CD"
97;"miriamgracego";"Halos lahat nasa Quezon City 12 Metro Manila barangays prone to landslides http://t.co/E1It2HYVgE #RubyPH";"NULL";"NULL";1;1;0;"tl";"CD"
98;"zhandercayabyab";"Maging mga malalaking kainan sa Tacloban ay maagang isinara at tinakpan ng plywood @DZMMTeleRadyo #RubyPH http://t.co/P7zaGBgruV";"NULL";"NULL";1;0;0;"tl";"CD"
99;"Gu4rdian4ngelo";"RT @DZMMTeleRadyo: PHOTO: Mga establisimyento sa Tacloban, pinapakuan ng plywood kontra baha at alon #RubyPH http://t.co/kAsVyyCCjD | via @…";"NULL";"NULL";1;0;1;"tl";"CD"
100;"NonVitalTooth";"RT @zhandercayabyab: Mga establisimyento sa Tacloban, pinapakuan ng plywood para di pasukin ng baha at alon @DZMMTeleRadyo #RubyPH http://t…";"NULL";"NULL";1;0;1;"tl";"CD"
101;"NonVitalTooth";"RT @zhandercayabyab: Mga establisimyento sa Tacloban, pinapakuan ng plywood para di pasukin ng baha at alon @DZMMTeleRadyo #RubyPH http://t…";"NULL";"NULL";1;0;1;"tl";"CD"
102;"PIA_NCR";"Mga billboard sa Kamaynilaan, iniligpit muna dahil kay #RubyPH . (Jerome Paunan)";"NULL";"NULL";1;0;0;"tl";"CD"
103;"AllNews_PH";"[DZMM TeleRadyo] Suplay ng kuryente sa mga sasalantain ni #RubyPH, ipinapuputol http://t.co/zDm85w9kDp... http://t.co/88uUogWT8g";"NULL";"NULL";1;1;0;"tl";"CD"
104;"iamJOELIEbee";"As of 9:47pm wala ng kuryente dito sa San Roque, Northern Samar. Medyo malakas na din ang hangin @IMReadyPH @ANCALERTS . #RubyPH";"NULL";"NULL";1;0;0;"tl";"CD"
105;"SpeakLlauder";"""@ABSCBNNews: Tacloban Mayor Romualdez: Sa ngayon, wala pa kaming report ng casualty #RubyPH | via @DZMMTeleRadyo"" No casualties lng, Lord";"NULL";"NULL";1;0;0;"tl";"CD"
106;"marrialigaya";"""@ANCALERTS: NDRRMC: 3 dead due to #RubyPH"" tsk";14.752156;121.079288;1;0;0;"tl";"CD"
107;"CaineLian";"""@dzbb : As of 6:00am, walang naitalang casualty sa Catbalogan City,Samar- ayon kay Mayor Stephanie Uy-Tan. #RubyPH"" THANK GOD!";"NULL";"NULL";1;0;0;"tl";"CD"
108;"gamuederrrrs";"""@DZMMTeleRadyo: 12 barangay sa Laguna, lubog pa rin sa baha #RubyPH http://t.co/VbeZe7Ksld http://t.co/mAQ2hs5YmZ"" suspend na this";"NULL";"NULL";1;1;0;"tl";"CD"
109;"roweecathRPh";"""@DZMMTeleRadyo: 27 patay sa bagsik ni #RubyPH sa Eastern Samar - Red Cross http://t.co/AAxPIbfqQd http://t.co/tnTVxXWf7H""";"NULL";"NULL";1;1;0;"tl";"CD"
110;"VAMboyyy";"""@DZMMTeleRadyo: BATANGAS | Wala pang napaulat na nasaktan dahil sa bagyo #RubyPH (ulat ni @arnellozaeta)""";"NULL";"NULL";1;0;0;"tl";"CD"
111;"Boy_Kulit";"""@DZMMTeleRadyo: BATANGAS | Wala pang napaulat na nasaktan dahil sa bagyo #RubyPH (ulat ni @arnellozaeta)"" may bagyo ba?";"NULL";"NULL";1;0;0;"tl";"CD"
112;"puchepuch";"""@DZMMTeleRadyo: BATANGAS | Wala pang napaulat na nasaktan dahil sa bagyo #RubyPH (ulat ni @arnellozaeta)"" SALAMAT PO SAFE LAHAT";13.758502;120.94833;1;0;0;"tl";"CD"
113;"francorreyes";"""@DZMMTeleRadyo: Batangas, nagpapatupad na ng preemptive evacuation dahil kay #RubyPH http://t.co/QbydNvDf4d http://t.co/3QQBIXUo4I""";"NULL";"NULL";1;1;0;"tl";"CD"
114;"MharieCastillo";"""@DZMMTeleRadyo: Batangas, nagpapatupad na ng preemptive evacuation dahil kay #RubyPH http://t.co/Tl7Qw1WWgb http://t.co/KVsJrGDdo4""";"NULL";"NULL";1;1;0;"tl";"CD"
115;"jeannie0722";"""@DZMMTeleRadyo: Borongan, Eastern Samar, matindi nang binabayo ni #RubyPH; signal ng komunikasyon, putol na | via RP37 @EdwinSevidal""";"NULL";"NULL";1;0;0;"tl";"CD"
116;"IGMOlayvar";"""@DZMMTeleRadyo: Bubong at kisame ng Tacloban Airport, sinira ni #RubyPH http://t.co/FZHADakW9X http://t.co/0u0ziXbw9e"" grabe";"NULL";"NULL";1;1;0;"tl";"CD"
117;"AnaLooovesYou";"""@DZMMTeleRadyo: Gov. Firmalo sa DZMM: Wala nang kuryente sa Romblon subalit maayos pa ang mga linya ng komunikasyon #RubyPH""";"NULL";"NULL";1;0;0;"tl";"CD"
118;"iamyourdarling";"""@DZMMTeleRadyo: Poste ng kuryente, bumagsak sa ilang bahay sa Brgy. Pawing, Tacloban #RubyPH http://t.co/hJbqYkpGR3 | via @zhandercayabyab""";14.596215;121.002006;1;0;0;"tl";"CD"
119;"mahealanijoy";"""@DZMMTeleRadyo:Brgy. Sagkahan, Tacloban City, binaha #RubyPH via @zhandercayabyab http://t.co/q70gjZOAWr"" Wtf... Tacloban... :(";"NULL";"NULL";1;1;0;"tl";"CD"
120;"blujay_chabby";"""@gmanews: #RubyPH update mula sa press briefing ng DILG: Walang naitalang casualty sa Leyte."" Good to hear. Sana sa ibang lugar din :)";"NULL";"NULL";1;0;0;"tl";"CD"
121;"MerryEdear";"""@gmanews: #RubyPH update mula sa press briefing ng DILG: Walang naitalang casualty sa Leyte."" Thank you Lord! :)";"NULL";"NULL";1;0;0;"tl";"CD"
122;"jeanomarcayda";"""@gmanews: ALBAY-Hilera ng mga poste ng kuryente, natumba matapos ang malakas na hangin sa Camalig. #RubyPH"" wtf.Brownout apocalypse na itu.";"NULL";"NULL";1;0;0;"tl";"CD"
123;"MarkGascon1";"""@gmanews: Bagsak na ang linya ng komunikasyon sa mga bayan sa Northeastern Samar. #RubyPH | via @PeeweeHero @dzbb""";10.717486;125.794168;1;0;0;"tl";"CD"
124;"IamTheLawler";"""@gmanews: Bagsak na ang linya ng komunikasyon sa mga bayan sa Northeastern Samar. #RubyPH | via @PeeweeHero @dzbb"" keep safe everyone";14.815947;121.071702;1;0;0;"tl";"CD"
125;"donnavells";"""@gmanews: DOLORES, EASTERN SAMAR - Bagsak na ang linya ng komunikasyon | #RubyPH update via @PeeweeHero""";"NULL";"NULL";1;0;0;"tl";"CD"
126;"alexatine24";"""@gmanews: DOLORES, EASTERN SAMAR - Bagsak na ang linya ng komunikasyon | #RubyPH update via @PeeweeHero""";"NULL";"NULL";1;0;0;"tl";"CD"
127;"JhaMharie";"""@gmanews: MASBATE — Walang kuryente ngayon sa Cataingan, Masbate, ayon kay Mayor Kho. | #RubyPH via @dzbb""";"NULL";"NULL";1;0;0;"tl";"CD"
128;"johnerdz";"""@gmanews: PHOTOS: Pagbaha sa Lope de Vega, Northern Samar. #RubyPH via @PeeweeHero http://t.co/3xfwUIdXsR""";"NULL";"NULL";1;0;0;"tl";"CD"
129;"WalaPongKapaRiZ";"""@gmanews: ROMBLON — Mga puno, nagsitumbahan sa Romblon matapos hagupitin ni #RubyPH. | via @akosiJaysent http://t.co/qPGhTLPOpo"" Romblon :(";"NULL";"NULL";1;0;0;"tl";"CD"
130;"Aybilibers";"""@gmanews: ROMBLON — Mga puno, nagsitumbahan sa Romblon matapos hagupitin ni #RubyPH. | via @akosiJaysent http://t.co/QWQfp34fAm""";"NULL";"NULL";1;0;0;"tl";"CD"
131;"DivineStellar";"""@gmanews: SORSOGON — Lubog sa baha ang highway sa bayan ng Rizal. | #RubyPH via @allangatus @dzbb""";"NULL";"NULL";1;0;0;"tl";"CD"
132;"nicxielicious";"""@gmanews: SORSOGON — Lubog sa baha ang highway sa bayan ng Rizal. | #RubyPH via @allangatus @dzbb""";"NULL";"NULL";1;0;0;"tl";"CD"
133;"DivineStellar";"""@gmanews: VIDEO: Zero casualty, naitala sa Albay sa paghagupit ng Bagyong #RubyPH http://t.co/Nmqmj8MMjB http://t.co/6koDnLGxRn""";"NULL";"NULL";1;1;0;"tl";"CD"
134;"synergzm";"""@ANCALERTS: San Pablo City, Laguna now under state of calamity #RubyPH"" ooh. Saan kaya specifically?";"NULL";"NULL";1;0;0;"tl";"CD"
135;"OhEmGIL";"""@ANCALERTS: San Pablo City now under state of calamity #RubyPH"" --- Really?! Mahina na ulan dito sa San Pablo City..saglit lang lumakas";"NULL";"NULL";1;0;0;"tl";"CD"
136;"NielleisMyName";"""@DZMMTeleRadyo: JUST IN: Masbate, nasa state of calamity na dahil sa bagyo #RubyPH | via @Jok_Magistrado""-@NicolePorras";"NULL";"NULL";1;0;0;"tl";"CD"
137;"DivineStellar";"""@DZMMTeleRadyo: Probinsya ng Cebu, isinailalim na sa state of calamity | via June Perez #RubyPH""";"NULL";"NULL";1;0;0;"tl";"CD"
138;"iamrinylmatugas";"""@sv_simplevie: #RESCUEPH yan po kuha s looc culaba biliran, winasak ni bagyong #RubyPH http://t.co/SOfkKpIFzu"" @ANCALERTS @ABSCBNNews";"NULL";"NULL";1;0;0;"tl";"CD"
139;"LeoDoraPongan";"""@TVPatrol: #TVPatrol #RubyPH itinumba ang mga puno sa Samar; ilang bahay wasak. "" via @atomaraullo LIVE Catbalogan http://t.co/ObwazvYB7J";"NULL";"NULL";1;0;0;"tl";"CD"
140;"MayleneYenny";"""@TVPatrol: PANOORIN: Ilang bahay, puno pinadapa ng #RubyPH sa Samar. http://t.co/rxS6hMZX3m | Ulat ni @atomaraullo http://t.co/KDUSHieAAI""";25.140964;121.504527;1;1;0;"tl";"CD"
141;"JhaMharie";"""@YouScoop: Pinabagsak ng Bagyong #RubyPH ang bubong ng isang gas station sa Catarman. Ulat ni YouScooper Rio Sosa http://t.co/vHTm5AqO8L""";"NULL";"NULL";1;0;0;"tl";"CD"
142;"itsbeben11";"""Electric post downed by strong winds in Abucay, Tacloban. #RubyPH (Photo via Zhander Cayabyab) via @ANCALERTS"" NKKLK http://t.co/R9oUfEsZsj";"NULL";"NULL";1;0;0;"tl";"CD"
143;"inquirerdotnet";"""Patay kay #RubyPH nasa 21 na"" @banderainquirer front page today. Full issue: http://t.co/DAsAo1PEio http://t.co/5uaNdmPY22";"NULL";"NULL";1;1;0;"tl";"CD"
144;"banderainquirer";"""Patay kay #RubyPH nasa 21 na"" @banderainquirer front page today. Full issue: http://t.co/tc1KihHFw8 http://t.co/PSiZNRbWM5";"NULL";"NULL";1;1;0;"tl";"CD"
145;"News5AKSYON";"#AKSYON: Official tally ng NDRRMC at Red Cross ng mga nasawi dahil kay #RubyPH, magkaiba | Ulat ni @halili_maricel";"NULL";"NULL";1;0;0;"tl";"CD"
146;"News5AKSYON";"#AksyonSaHagupit | 2 bahay nawasak dahil sa naglalakihang alon at lakas na hangin sa Brgy. Tabunan, Matnog! #RubyPH";"NULL";"NULL";1;0;0;"tl";"CD"
147;"News5AKSYON";"#AksyonSaHagupit | 50 porsiyento ng kuryente sa Sorsogon, naibalik na. #RubyPH (via @jeffcaparas)";"NULL";"NULL";1;0;0;"tl";"CD"
148;"News5AKSYON";"#AksyonSaHagupit | 8 katao pa ang kumirmadong patay pero inaantay pa ng NDRRMC ang validation mula sa DOH. #RubyPH (via @AmberPGonzales)";"NULL";"NULL";1;0;0;"tl";"CD"
149;"News5AKSYON";"#AksyonSaHagupit | DPWH: Calbayo, Catarman roads - sarado pa rin dahil mataas pa ang tubig. #RubyPH";"NULL";"NULL";1;0;0;"tl";"CD"
150;"News5AKSYON";"#AksyonSaHagupit | Ilang bayan sa Quezon Province, nawalan na ng suplay ng kuryente! #RubyPH | via @KatherineImson";"NULL";"NULL";1;0;0;"tl";"CD"
151;"News5AKSYON";"#AksyonSaHagupit | Kuryente sa bayan ng Odiongan, Romblon naibalik na. #RubyPH (via @GepeLyle)";"NULL";"NULL";1;0;0;"tl";"CD"
152;"News5AKSYON";"#AksyonSaHagupit | Sa pinakahuling tala ng NDDRMC, 3 ang validated at kumpirmadong namatay sa pananalasa ni #RubyPH (via @AmberPGonzales)";"NULL";"NULL";1;0;0;"tl";"CD"
153;"News5AKSYON";"#AksyonSaHagupit: 10 bahay sa dalampasigan ng Albay, tinangay ng malakas na alon #RubyPH | Ulat ni @edlingao";"NULL";"NULL";1;0;0;"tl";"CD"
154;"News5AKSYON";"#AksyonSaHagupit: Gov. Sharee Ann Tan: Higit 28,000 pamilya ang inilikas dahil sa Bagyong #RubyPH";"NULL";"NULL";1;0;0;"tl";"CD"
155;"News5AKSYON";"#AksyonSaHagupit: Legazpi City, wala nang kuryente #RubyPH | Ulat ni @edlingao";"NULL";"NULL";1;0;0;"tl";"CD"
156;"biliranisland";"#Hagupit #RubyPH Landslide in Inasuyan Kawayan, Biliran";"NULL";"NULL";1;0;0;"tl";"CD"
157;"biliranisland";"#Hagupit #RubyPH Landslide in Looc Cabucgayan Biliran http://t.co/0RiI3xOzsK";"NULL";"NULL";1;1;0;"tl";"CD"
158;"manilaspeak";"#Hagupit ng MRT: Broken Rail Incident AGAIN at Ayala MRT Station http://t.co/PeOkv0bOYJ";"NULL";"NULL";1;1;0;"tl";"CD"
159;"manilaspeak";"#Hagupit ng MRT: Broken Rail Incident AGAIN at Ayala MRT Station http://t.co/sqt6YHhAli";"NULL";"NULL";1;1;0;"tl";"CD"
160;"DZMMTeleRadyo";"#RadyoPatrol 20-anyos na vendor, patay sa landslide sa Puerto Galera | ulat ni Arnel Ozaeta, DZMM Correspondent #RubyPH";"NULL";"NULL";1;0;0;"tl";"CD"
161;"BalitaNgayon";"#RadyoPatrol 20-anyos na vendor, patay sa landslide sa Puerto Galera | ulat ni Arnel Ozaeta, DZMM Correspondent #RubyPH via DZMM";"NULL";"NULL";1;0;0;"tl";"CD"
162;"DZMMTeleRadyo";"#RadyoPatrol Philippine Coast Guard, iniulat na wala nang natitirang stranded na pasahero dahil kay #RubyPH | ulat ni @RadyoPatrol44";"NULL";"NULL";1;0;0;"tl";"CD"
163;"BalitaNgayon";"#RadyoPatrol Philippine Coast Guard, iniulat na wala nang natitirang stranded na pasahero dahil kay #RubyPH | ulat ni RadyoPatrol44 via DZMM";"NULL";"NULL";1;0;0;"tl";"CD"
164;"sv_simplevie";"#RESCUEPH yan po kuha s looc culaba biliran, winasak ni bagyong #RubyPH http://t.co/Tprgb7QB5z";"NULL";"NULL";1;0;0;"tl";"CD"
165;"castrojosh26";"#RubyPH #VOTYNews #updates ORMOC CITY 1. #RubyPH Coverage: Mga evacuees gikan sa barangay Tambulilid gisakay sa... http://t.co/zqoHSZ2pxj";"NULL";"NULL";1;1;0;"tl";"CD"
166;"castrojosh26";"#RubyPH #VOTYNews #updates ORMOC CITY 1. Communication sa Isabel cut-off. Last na update: murag Yolanda, maayu... http://t.co/iZ0Ur6syfS";"NULL";"NULL";1;1;0;"tl";"CD"
167;"UNTVweb";"#RubyPH — 2 nawawalang mangingisda sa Cambulaga, Sorsogon natagpuan na ayon sa ulat ni Sherry Ann Herrera / UNTV... http://t.co/HVVTYbSA93";"NULL";"NULL";1;1;0;"tl";"CD"
168;"iamRaymondLacsa";"#RubyPH — 2 nawawalang mangingisda sa Cambulaga, Sorsogon natagpuan na ayon sa ulat ni Sherry Ann Herrera / UNTV... http://t.co/lGYUxCSnrK";"NULL";"NULL";1;1;0;"tl";"CD"
169;"donmoen777";"#RubyPH Casualty Count: 23 (via @philredcross) 16 -Borongan, E.Samar 1 -W.Samar 1 -Hernani, E.Samar 1 -Dolores, E.Samar @HenryRetoriano haha";"NULL";"NULL";1;0;0;"tl";"CD"
170;"DZMMTeleRadyo";"#RubyPH Mga sanga ng punongkahoy, nagkalat na sa kalye ng Sorsogon http://t.co/PsAwH9RyqQ via @dennis_datu http://t.co/HdJMYPqBhm";"NULL";"NULL";1;1;0;"tl";"CD"
171;"hannagel2012";"#RubyPH nawala na ang kuryente d2 sa lapu-lapu city #Cebu #CebuMustBeReady";"NULL";"NULL";1;0;0;"tl";"CD"
172;"UNTVweb";"#RubyPH PHOTO: 683 pamilya sa Quirangay, Camalig, Albay, nanatili sa evacuation center dahil sa pabugso bugsong... http://t.co/LCCamoE1Ya";"NULL";"NULL";1;1;0;"tl";"CD"
173;"iamRaymondLacsa";"#RubyPH PHOTO: 683 pamilya sa Quirangay, Camalig, Albay, nanatili sa evacuation center dahil sa pabugso bugsong... http://t.co/LnlHB0m0JS";"NULL";"NULL";1;1;0;"tl";"CD"
174;"UNTVweb";"#RubyPH PHOTO: 683 pamilya sa Quirangay, Camalig, Albay, nanatili sa evacuation center dahil sa pabugso bugsong... http://t.co/O3XDfL8ztI";"NULL";"NULL";1;1;0;"tl";"CD"
175;"News5AKSYON";"#AksyonSaHagupit Forced Evacuation isinasagawa ngayon sa Odiongan, Romblon sunod sa utos ng Gobernador ng Probinsya #RubyPH (via @GepeLyle)";"NULL";"NULL";1;0;0;"tl";"CD"
176;"PHLEWN";"#AksyonSaHagupit Forced Evacuation isinasagawa ngayon sa Odiongan, Romblon sunod sa utos ng Gobernador ng Probinsya #RubyPH (via @GepeLyle)";"NULL";"NULL";1;0;0;"tl";"CD"
177;"PHIWorldNews";"#AksyonSaHagupit Forced Evacuation isinasagawa ngayon sa Odiongan, Romblon sunod sa utos ng Gobernador ng Probinsya #RubyPH (via @GepeLyle)";"NULL";"NULL";1;0;0;"tl";"CD"
178;"iamRaymondLacsa";"#RubyPH — Preemptive Evacuation patuloy na isinasagawa sa Baseco Compound Port Area, Manila @victorcosare777 http://t.co/0y6AYahtXD";"NULL";"NULL";1;1;0;"tl";"CD"
179;"UNTVweb";"#RubyPH — Preemptive Evacuation patuloy na isinasagawa sa Baseco Compound Port Area, Manila @victorcosare777 http://t.co/OPPlH44YCz";"NULL";"NULL";1;1;0;"tl";"CD"
180;"jaytayag15";"""@gmanews: Mga residente sa isang isla sa Iloilo, inilikas na bilang paghahanda kay #RubyPH http://t.co/nKrPyrBCri""";10.684775;122.520666;1;1;0;"tl";"CD"
181;"missreyannaaa";"""@saksi: Mahigit 17,000 residente na ang sapilitang pinalikas sa Laguna dahil pa rin sa Bagyong #RubyPH. #Saksi si @cedric_castillo.""";"NULL";"NULL";1;0;0;"tl";"CD"
182;"DZMMTeleRadyo";"PHOTO: Mga Taclobanon na nakatira malapit sa dagat, sapilitan nang pinalilikas http://t.co/jRUtiZvMch #RubyPH | via @zhandercayabyab";"NULL";"NULL";1;0;0;"tl";"CD"
183;"laurencejadea";"RT @DZMMTeleRadyo: PHOTO: Mga Taclobanon na nakatira malapit sa dagat, sapilitan nang pinalilikas http://t.co/jRUtiZvMch #RubyPH | via @zha…";"NULL";"NULL";1;0;1;"tl";"CD"
184;"DZMMTeleRadyo";"PHOTO: Mga Taclobanon na nakatira malapit sa dagat, sapilitan nang pinalilikas http://t.co/jRUtiZvMch #RubyPH... http://t.co/c4tpTUYQDy";"NULL";"NULL";1;1;0;"tl";"CD"
185;"annmariebolito";"RT @DZMMTeleRadyo: PHOTO: Mga Taclobanon na nakatira malapit sa dagat, sapilitan nang pinalilikas http://t.co/jRUtiZvMch #RubyPH | via @zha…";"NULL";"NULL";1;0;1;"tl";"CD"
186;"JojoMalig";"RT @DZMMTeleRadyo: PHOTO: Mga Taclobanon na nakatira malapit sa dagat, sapilitan nang pinalilikas http://t.co/jRUtiZvMch #RubyPH | via @zha…";"NULL";"NULL";1;0;1;"tl";"CD"
187;"dashogilbert";"RT @DZMMTeleRadyo: PHOTO: Mga Taclobanon na nakatira malapit sa dagat, sapilitan nang pinalilikas http://t.co/jRUtiZvMch #RubyPH | via @zha…";"NULL";"NULL";1;0;1;"tl";"CD"
188;"NonVitalTooth";"RT @DZMMTeleRadyo: PHOTO: Mga Taclobanon na nakatira malapit sa dagat, sapilitan nang pinalilikas http://t.co/jRUtiZvMch #RubyPH | via @zha…";"NULL";"NULL";1;0;1;"tl";"CD"
189;"DiamanteCalexto";"RT @DZMMTeleRadyo: PHOTO: Mga Taclobanon na nakatira malapit sa dagat, sapilitan nang pinalilikas http://t.co/jRUtiZvMch #RubyPH | via @zha…";"NULL";"NULL";1;0;1;"tl";"CD"
190;"stateofdnation";"Nag-mistulang ghost town ang ilang bahagi ng Tacloban City matapos magsilikas ang mga residente dahil sa banta ng Bagyong #RubyPH.";"NULL";"NULL";1;0;0;"tl";"CD"
191;"dyrirmniloilo";"#RubyPH Update Iloilo City Pwede na makabalik sa ila nga mga puluy-an kag barangay evacuation centers ang mga... http://t.co/ALPDN88lhw";"NULL";"NULL";1;1;0;"tl";"CD"
192;"dyrirmniloilo";"#RubyPH Update List of Causalities in Iloilo Estancia, Iloilo - Ernesto Baylon, 65 years old Agbobolo, Ajuy -... http://t.co/4NtOqQMA0I";"NULL";"NULL";1;1;0;"tl";"CD"
193;"dyrirmniloilo";"#RubyPH Update List of Causalities in Iloilo Estancia, Iloilo - Ernesto Baylon, 65 years old Agbobolo, Ajuy -... http://t.co/PzDodT0zBq";"NULL";"NULL";1;1;0;"tl";"CD"
194;"dyrirmniloilo";"#RubyPH Update List of Causalities in Iloilo Estancia, Iloilo - Ernesto Baylon, 65 years old Agbobolo, Ajuy... http://t.co/dGBPEUuqKE";"NULL";"NULL";1;1;0;"tl";"CD"
195;"Padics";"#RubyPh Update... Brgy San esteban, San Jose, flooded nabuaCS. diversion road passable to Legazpi via Nabua. @CamSurPPO @PRO5React @pnppio";"NULL";"NULL";1;0;0;"tl";"CD"
196;"TVPatrol";"#TVPatrol #RubyPH itinumba ang mga puno sa Samar; ilang bahay wasak. Ulat ni @atomaraullo LIVE mula sa Calbayog http://t.co/ocN2K8jMLH";"NULL";"NULL";1;0;0;"tl";"CD"
197;"TVPatrol";"#TVPatrol #RubyPH nanalasa sa Tacloban, ilang bahay at tent winalis ng bagyo. Ulat ni @rongagalac mula sa Tacloban http://t.co/muFIoUHaL1";"NULL";"NULL";1;0;0;"tl";"CD"
198;"TVPatrol";"#TVPatrol Sanggol sa Iriga City patay dahil sa hypothermia sa kasagsagan ng #RubyPH";"NULL";"NULL";1;0;0;"tl";"CD"
199;"hihidco";"#Typhoon #Hagupit #leaves #at #least #2 #dead: LEGAZPI, Philippines – Typhoon Hagupit… http://t.co/LeiTqHip50";"NULL";"NULL";1;1;0;"tl";"CD"
200;"IAmDaryllReyes";"#TyphoonRuby #24Oras anu na po lates update dito sa province of cavite wala na pu kasing kuryente ang ibang lugar dito #RubyPH";"NULL";"NULL";1;0;0;"tl";"CD"
201;"BalitaNgayon";"(UPDATE) NDRRMC: Death toll sa Bagyong #RubyPH, 3 na via DZMM";"NULL";"NULL";1;0;0;"tl";"CD"
202;"sunstarcebu";".@dsm_sunstar: #RubyPH topples electrical post in Barangay Talisay, Daanbantayan, #Cebu http://t.co/5BOBcnZYSE";"NULL";"NULL";1;0;0;"tl";"CD"
203;"Prieenkles";"Gutom nako at baha dito sa españa!!! Baha ba jan sa taft :((( @ojlovesmiley";"NULL";"NULL";0;0;0;"tl";"O"
204;"Xxcyriltan";"Baha";"NULL";"NULL";0;0;0;"tl";"O"
205;"mortelia03";"RT @Amphigong: Baha daw sa...  Ateneo: ""Go Ateneo! One Big Flood!"" UST: ""Go USTE! Over Flow UST!"" UP: ""UP Naming Baha!"" La Salle: ""D! L-S! …";"NULL";"NULL";0;0;1;"tl";"O"
206;"charmcrescini";"@iMShielaYZM kaya nga ehh. Baha pa rin ataa.";"NULL";"NULL";0;0;0;"tl";"O"
207;"KeithPasco";"@_KrloGrcia baha ba dyan bro?";"NULL";"NULL";0;0;0;"tl";"O"
208;"gemkristel";"@GoodGuyBenj mygoodness haha baha na ba dyan?";14.386679;120.880536;0;0;0;"tl";"O"
209;"FerreriDeniel";"RT @itsnaughtylie: yung baha napapansin mo eh yung pagmamahal kong umaapaw para sayo?";"NULL";"NULL";0;0;1;"tl";"O"
210;"ughaixee";"@cebumadenise baha ba?? haha";"NULL";"NULL";0;0;0;"tl";"O"
211;"IndividNoellism";"RT @Caaaaabs: kung ganito lang sana ang baha magtatampisaw talaga ako hahaha  #MarioPH #HugotSaTagUlan http://t.co/OfSSapDFHz";"NULL";"NULL";1;0;1;"tl";"O"
212;"boybaba00";"@ichanbaekworld kaya nga pepe . Baha na ba jan sainyo ?? Stay safe pepe .";"NULL";"NULL";0;0;0;"tl";"O"
213;"KaeOfficial";"Ssuper baha simula pa kagabi dito sa Sampaloc. Well, just what do i expect. Timing ubos na grocery ko kaya itlog lang kinain ko buong araw.";"NULL";"NULL";0;0;0;"tl";"O"
214;"gabdarez";"RT @YouScoop: Ilang rescuer, umiikot sa Quezon City para tulungan ang mga residente na na-stranded sa baha. #MarioPH http://t.co/P5KShvdv2T";"NULL";"NULL";1;0;1;"tl";"O"
215;"jennifernunez4";"Hanggang Leeg na baha kila SG?!!! Maaattttteeeooo!!! Languyin mo naaaa!!  Hahahahaha";"NULL";"NULL";0;0;0;"tl";"O"
216;"thisisdomsdg";"Nagpalibreng sakay ang manda pero L300 ang gamit hahaha eh abot hanggang dibdib ang baha sa ibang part hahaha ngangamey";"NULL";"NULL";0;0;0;"tl";"O"
217;"jayveedistajo";"Jgh @SuperShabbie kahit baha gumagala kmi haha :) http://t.co/epphG52lHZ";"NULL";"NULL";0;0;0;"tl";"O"
218;"beDANakoo";"Below knee level nga yung baha. G naba to? Hahaha";"NULL";"NULL";0;0;0;"tl";"O"
219;"instapraying";"RT @BLINK_joseph: Wala pa din tigil ang ulan! Baha na sa mga daanan, Ingat po tayong lahat . Godbless... #Pray";"NULL";"NULL";1;0;1;"tl";"O"
220;"imjanmariel";"""@dnjrrlcaps: ""@Caaaaabs: kung ganito lang sana ang baha magtatampisaw talaga ako hahaha  #MarioPH #HugotSaTagUlan http://t.co/bT3ROPbgwu""""";"NULL";"NULL";1;0;0;"tl";"O"
221;"checachicadora";"@joyie_inthecity oo nga akalIn mo yun? Naka taxi ako kanina kaya nalaman ko lang na sobrang baha nung sa quezon ave mataas na yung water.";"NULL";"NULL";0;0;0;"tl";"O"
222;"SupFazkogwin";"Ready na ako sumulong sa baha e hahaha";"NULL";"NULL";0;0;0;"tl";"O"
223;"marcocoyII";"RT @TheUSTF: Hindi pa rin humuhupa yung ulan at baha. Tulad ng feelings ko sayo. #HugotSaTagUlan";"NULL";"NULL";1;0;1;"tl";"O"
224;"YumiValdenarro";"@SuperSaurx baha sa dadaanan :((((((";"NULL";"NULL";0;0;0;"tl";"O"
225;"larakristel_";"@Doughteee nanunuod kasi siya news daming baha. Mattrap din daw kami di na daw kami makakalabas bumili na daw kami ng pagkain nag oa";"NULL";"NULL";0;0;0;"tl";"O"
226;"reginacruz21";"RT @athangarcia: Oo bro baha na. Lampas pinto na tubig sa bahay haha @JeremiahTrajano http://t.co/VfG3UmSZNX";"NULL";"NULL";0;0;1;"tl";"O"
227;"Sapphireee04";"@Prinsesiiitaaa Siguro next week, talaga baha na nga dito sa de castro e hanggang tuhod na!";"NULL";"NULL";0;0;0;"tl";"O"
228;"iLykaWams";"Alurin sana ng baha, lahat ng mga paasa diyan!";"NULL";"NULL";0;0;0;"tl";"O"
229;"NorbertKeen";"""@ogiediaz: Nag-txt si Mahal. Hanggang leeg na raw niya ang baha sa kanilang lugar."" Lol";"NULL";"NULL";0;0;0;"tl";"O"
230;"migueladvincula";"@pqocampo Baha taft, di ka makakatawid =))";"NULL";"NULL";0;0;0;"tl";"O"
231;"Geeeepsh";"RT @Amphigong: Baha daw sa...  Ateneo: ""Go Ateneo! One Big Flood!"" UST: ""Go USTE! Over Flow UST!"" UP: ""UP Naming Baha!"" La Salle: ""D! L-S! …";"NULL";"NULL";0;0;1;"tl";"O"
232;"chayen19";"RT @TheUSTF: Yang baha at ulan? Parang feelings ko. Ngayon lang yan. Bukas makalawa, wala na rin to. Maghintay ka lang! #HugotSaTagUlan";"NULL";"NULL";1;0;1;"tl";"O"
233;"MightyAmbengers";"RT @ogiediaz: Nag-txt si Mahal. Hanggang leeg na raw niya ang baha sa kanilang lugar.";"NULL";"NULL";0;0;1;"tl";"O"
234;"felrose_2";"@MMDA Baha po sa monumento tsaka sa Balintawak? Thanks po!";"NULL";"NULL";0;0;0;"tl";"O"
235;"red_4th";"Pag di pa tumigil ang ulan, i'll die. Like die of boredom. Lalakarin ko ang baha makapunta lang ng cash and carry.";"NULL";"NULL";0;0;0;"tl";"O"
236;"MontyMangahas";"@imjezayley baha eh... di ako makababa. Pero nakapagpadeliver na kami haha http://t.co/Jr29X5hmqG";14.611779;120.986621;0;0;0;"tl";"O"
237;"AWE24";"Atrobe e hefboom di tram ta bolbe baha riba otro vehiculo, e biaha aki ta un truck http://t.co/lWlLrPJxbd";12.520045;-70.037109;0;1;0;"tl";"O"
238;"jgobsa";"@mmda baha po ba sa acacia lane? Saka po sa circle sa mandaluyong?";"NULL";"NULL";0;0;0;"tl";"O"
239;"Ireeeeeeesh";"""@TheUSTF: Hindi pa rin humuhupa yung ulan at baha. Tulad ng feelings ko sayo. #HugotSaTagUlan"" ";"NULL";"NULL";1;0;0;"tl";"O"
240;"JMMirandaaaa";"Tangina baha na sa tumana :/";"NULL";"NULL";0;0;0;"tl";"O"
241;"lalalovepop";"@theacarpiojang Di rin kasi tumigil yung ulan e. Sa loob ba? Baha na din? ;~;";"NULL";"NULL";0;0;0;"tl";"O"
242;"bomatienza_";"@MACsaddddddd baha sa kanto namin";"NULL";"NULL";0;0;0;"tl";"O"
243;"HenzelKalugdan";"Grabe baha sa nadaanan namin may abot na hanggang dibdib bh3. </3 #MarioPH";"NULL";"NULL";1;0;0;"tl";"O"
244;"IamLouISH";"Lumusong sila sa baha para mabilhan ako ng pagkain XD ILoveYou Tito XD";"NULL";"NULL";0;0;0;"tl";"O"
245;"zupnicole";"""@PhBagyongmario: @zupnicole hindi talaga huhupa ang baha dahil lalakasan ko pa lalo!"" ANSAMA NI MARIO HUHU ANO BANG GINAWA NAMEN";14.596505;121.01311;0;0;0;"tl";"O"
246;"schaimc";"@LuiLiton hahaha mas baha pa ata jan e";"NULL";"NULL";0;0;0;"tl";"O"
247;"MTongsonJ";"RT @sheenasanorjo: Bigyan ng tubig baha!! Napaka uhaw!";"NULL";"NULL";0;0;1;"tl";"O"
248;"aylaalee";"RT @TheUSTF: Hindi pa rin humuhupa yung ulan at baha. Tulad ng feelings ko sayo. #HugotSaTagUlan";"NULL";"NULL";1;0;1;"tl";"O"
249;"jandisputed";"Baha sa minamahal kong Marikina. ingat friends :)";"NULL";"NULL";0;0;0;"tl";"O"
250;"mwachooo";"Daming nakatayo ngayong mga panahon na to. @paulrosalinas Baha ba sainyo? Mag papagupit ako eh, yung buhok ko nakatayo na, di ko na gusto :)";"NULL";"NULL";0;0;0;"tl";"O"
251;"y0nis";"RT @Amphigong: Baha daw sa...  Ateneo: ""Go Ateneo! One Big Flood!"" UST: ""Go USTE! Over Flow UST!"" UP: ""UP Naming Baha!"" La Salle: ""D! L-S! …";"NULL";"NULL";0;0;1;"tl";"O"
252;"Atrchy";"RT @govph: Mga dapat gawin kung may inaasahang baha sa inyong lugar: http://t.co/pIvUdLtgEy #MarioPH http://t.co/KghPRfL1fa";"NULL";"NULL";1;1;1;"tl";"O"
253;"aanneeroxx";"""@TheUSTF: Hindi pa rin humuhupa yung ulan at baha. Tulad ng feelings ko sayo. #HugotSaTagUlan""";15.550229;120.5174;1;0;0;"tl";"O"
254;"sniperdope";"Babes pati si Aleck nagwo-worry na sa baha. Hinahanap ka! sleeping_beauty28 http://t.co/F7eQIELx2J";"NULL";"NULL";0;1;0;"tl";"O"
255;"IamPaulValles";"MAS MATAAS PA YUN BAHA KAYSA SA GRADES KO! PUTA";"NULL";"NULL";0;0;0;"tl";"O"
256;"marojjx";"#LasallianKaKung D-L-S-U! ANIMO BAHA!!! hahahaha #MarioPH";"NULL";"NULL";1;0;0;"tl";"O"
257;"maxinedenise1";"#KapagMayBagyo may baha -_-";"NULL";"NULL";1;0;0;"tl";"O"
258;"foreveRaine";"RT @PrincessFrance: Wala pa ata akong nakikitang nagse-selfie sa baha? #BeyondDisappointed #Charot";"NULL";"NULL";1;0;1;"tl";"O"
259;"NorbertKeen";"RT @ogiediaz: Nag-txt si Mahal. Hanggang leeg na raw niya ang baha sa kanilang lugar.";"NULL";"NULL";0;0;1;"tl";"O"
260;"YdadCarcer";"natatawa lang ako,minsan talaga yng isip ng mga tao,d maintindihan nakapayong hanggang dibdib ang tubig baha,hahaha nakakatawa lang kc:-):-)";"NULL";"NULL";0;0;0;"tl";"O"
261;"_Bricarlos";"@NeilsonGardose yup!! hahaha baha na sa inyo? =))";"NULL";"NULL";0;0;0;"tl";"O"
262;"jatcaintic";"Medj namiss ko lumusong sa baha. Hahaha";"NULL";"NULL";0;0;0;"tl";"O"
263;"TwayLeeem";"MAGINGAT PO ANG LAHAT TAS YUNG MAHAHAROT DYAN PATANGAY NA LANG KAYO SA BAHA <3 HAHAHAHA";"NULL";"NULL";0;0;0;"tl";"O"
264;"jnhlynnrqz";"RT @Senyora: Ingat sa baha yung mga walang dede. Wala kayong floaters";"NULL";"NULL";0;0;1;"tl";"O"
265;"makristinajoie";"Grabe yung agos nung baha haaay";"NULL";"NULL";0;0;0;"tl";"O"
266;"grace_delavega";"Baha pa din... http://t.co/umu5aZ9RoH";"NULL";"NULL";0;0;0;"tl";"O"
267;"immellenex";"RT @YansIgnacio: BUTI KA PA HINDI MALULUNOD SA BAHA HIPON KA EH :(";"NULL";"NULL";0;0;1;"tl";"O"
268;"Cody_Men";"Keep safe everyone esp sa mga lugar na baha na.";"NULL";"NULL";0;0;0;"tl";"O"
269;"alexisadricula";"gusto ko ng piattos kaso putangina baha sa labas";"NULL";"NULL";0;0;0;"tl";"O"
270;"niallxcoldplay";"RT @Amphigong: Baha daw sa...  Ateneo: ""Go Ateneo! One Big Flood!"" UST: ""Go USTE! Over Flow UST!"" UP: ""UP Naming Baha!"" La Salle: ""D! L-S! …";"NULL";"NULL";0;0;1;"tl";"O"
271;"junoabanilla";"ayoko na palang pumasok sa manila laging baha. hahahaha";"NULL";"NULL";0;0;0;"tl";"O"
272;"Bathroomhymns";"@TheHamSammich @pbandjellybeans kamusta na baha diyan sam?";"NULL";"NULL";0;0;0;"tl";"O"
273;"venicemndz";"RT @Iyyamazing: Napakaliit na bagay kinakagalit mo. Mas mababaw kapa sa baha.";"NULL";"NULL";0;0;1;"tl";"O"
274;"chesterbest";"""@DZMMTeleRadyo: PANAYAM sa DZMM | 'Be Careful with My Heart' actor Marlo Mortel, naistranded dahil sa baha."" - is this news-worthy?!";"NULL";"NULL";0;0;0;"tl";"O"
275;"paulanavata";"Baha na po ba sa ortigas??";"NULL";"NULL";0;0;0;"tl";"O"
276;"NicoleObina";"@_ellejacinto sige teka pati pala si vien hays baha daw sa savemore sabi nung driver ko";"NULL";"NULL";0;0;0;"tl";"O"
277;"eevonsexy";"RT @Amphigong: Baha daw sa...  Ateneo: ""Go Ateneo! One Big Flood!"" UST: ""Go USTE! Over Flow UST!"" UP: ""UP Naming Baha!"" La Salle: ""D! L-S! …";"NULL";"NULL";0;0;1;"tl";"O"
278;"TRBalgat";"WHAAAAT LUMABAS AKO AT NAGLAKAD SA BAHA HAHAHAH SAYA SAYA";"NULL";"NULL";0;0;0;"tl";"O"
279;"cachupupoy";"Ingat sa baha yung mga walang dede. Wala kayong floaters";"NULL";"NULL";0;0;0;"tl";"O"
280;"naivethoughts";"The heck. Tataas na naman ang tubig-baha. -_-";"NULL";"NULL";0;0;0;"tl";"O"
281;"hemmingzshx_";"RT @TheUSTF: Hindi pa rin humuhupa yung ulan at baha. Tulad ng feelings ko sayo. #HugotSaTagUlan";"NULL";"NULL";1;0;1;"tl";"O"
282;"_sheinanichole";"RT @Amphigong: Baha daw sa...  Ateneo: ""Go Ateneo! One Big Flood!"" UST: ""Go USTE! Over Flow UST!"" UP: ""UP Naming Baha!"" La Salle: ""D! L-S! …";"NULL";"NULL";0;0;1;"tl";"O"
283;"chengbnfc";"RT @junsabayton: Sana mag #DonateNgBenchUnderwearAngMgaArtistaNaKasaliSaBench #TheNakedTruth #FashionShow sa mga na #baha ng #habagat ni #M…";"NULL";"NULL";1;0;1;"tl";"O"
284;"imjasperramos";"@biancadorableee hahah. Kasing lalim ng baha.";"NULL";"NULL";0;0;0;"tl";"O"
285;"alnrrrr";"@faaatcells hahaha kakagaling ko lang din :) baha pa ba yun? haha";"NULL";"NULL";0;0;0;"tl";"O"
286;"FKayeee";"Malapit na yung baha huhuhu shet wag pls";"NULL";"NULL";0;0;0;"tl";"O"
287;"nicxieeee";"RT @biancaaaakee: ""@Caaaaabs: kung ganito lang sana ang baha magtatampisaw talaga ako hahaha  #MarioPH #HugotSaTagUlan http://t.co/K7DqoSZk…";"NULL";"NULL";1;0;1;"tl";"O"
288;"apolloverse";"Sana magtuloy tuloy na yung pagtila ng ulan so give or take in 2/3 hrs wala na yung baha, yeah?";"NULL";"NULL";0;0;0;"tl";"O"
289;"mmaandion";"RT @Amphigong: Baha daw sa...  Ateneo: ""Go Ateneo! One Big Flood!"" UST: ""Go USTE! Over Flow UST!"" UP: ""UP Naming Baha!"" La Salle: ""D! L-S! …";"NULL";"NULL";0;0;1;"tl";"O"
290;"chelsnerralph";"@zZen_Malik kuya may baha diyan?";"NULL";"NULL";0;0;0;"tl";"O"
291;"xxnicoleyyy";"@imauuuu hahahaahahaha ilublubo sa baha!";"NULL";"NULL";0;0;0;"tl";"O"
292;"monchiaooo";"RT @Amphigong: Baha daw sa...  Ateneo: ""Go Ateneo! One Big Flood!"" UST: ""Go USTE! Over Flow UST!"" UP: ""UP Naming Baha!"" La Salle: ""D! L-S! …";"NULL";"NULL";0;0;1;"tl";"O"
293;"StunningJheng";"@jyceanneprz pag d n malakas ulan. lampas tao n nga daw baha dun ngaun ee! potekk";"NULL";"NULL";0;0;0;"tl";"O"
294;"bilbilasco";"RT @Paodeluna_: Friday- baha Saturday-baha Sunday-onting baha/putek Monday-putek na makapal Tuesday-putek  Wednesday-putek na pwede na daan…";"NULL";"NULL";0;0;1;"tl";"O"
295;"JohnGoRegalado";"Wala na sanang baha bukaaaas! 50 nalang pera koo! ahhahaha";"NULL";"NULL";0;0;0;"tl";"O"
296;"nezasdfghjkl8";"Pls ingatan nyo po yung mga nasa labas at nagsasuffer sa baha! Magpray po tayong lahat!";"NULL";"NULL";0;0;0;"tl";"O"
297;"iamkelescueta";"Ayan nagalit na si MARIO...dahil sya ang sinisisi sa Ulan at baha!! http://t.co/tfzKJD7JMN";"NULL";"NULL";0;1;0;"tl";"O"
298;"ecbeltran";"@kayeendii haha hindi ko naman sinabing umulan gusto ko lang ng suspensyon kasi baha bukas sa mga dadaan ko :)))";14.51297;121.042025;0;0;0;"tl";"O"
299;"camvitalista";"@jinelaramos im fine and im starving hahaha baha ba jan sa inyo?";"NULL";"NULL";0;0;0;"tl";"O"
300;"alminaaadenisee";"@mikhaeloyola @deguzman0019 baha din ata sa Pampanga. kawawa si bobby";"NULL";"NULL";0;0;0;"tl";"O"
301;"JeremiahTrajano";"RT @athangarcia: Oo bro baha na. Lampas pinto na tubig sa bahay haha @JeremiahTrajano http://t.co/VfG3UmSZNX";"NULL";"NULL";0;0;1;"tl";"O"
302;"OfficialLRTA";"@HeyAlvinFhorest LRT is still operating at this time. Walang baha po sa Central";"NULL";"NULL";0;0;0;"tl";"O"
303;"Chrispatron56";"sinong malapit sa Kalentong tanong lang baha pa ba?";"NULL";"NULL";0;0;0;"tl";"O"
304;"dianneduallo";"Grabe Baha na sa cartimar tapos sinarado na daan papuntang metropoint";"NULL";"NULL";0;0;0;"tl";"O"
305;"dianamnnsla";"RT @TheUSTF: Hindi pa rin humuhupa yung ulan at baha. Tulad ng feelings ko sayo. #HugotSaTagUlan";"NULL";"NULL";1;0;1;"tl";"O"
306;"KatSanMiguel";"Baha na dito sa may terrace namen hahaha";"NULL";"NULL";0;0;0;"tl";"O"
307;"joshabelle";"RT @TheUSTF: Hindi pa rin humuhupa yung ulan at baha. Tulad ng feelings ko sayo. #HugotSaTagUlan";"NULL";"NULL";1;0;1;"tl";"O"
308;"Paodeluna_";"Friday- baha Saturday-baha Sunday-onting baha/putek Monday-putek na makapal Tuesday-putek  Wednesday-putek na pwede na daanan";"NULL";"NULL";0;0;0;"tl";"O"
309;"junesantoss";"RT @TheUSTF: Yang baha at ulan? Parang feelings ko. Ngayon lang yan. Bukas makalawa, wala na rin to. Maghintay ka lang! #HugotSaTagUlan";"NULL";"NULL";1;0;1;"tl";"O"
310;"paolo1399";"@jaccirochaa jogging na habang baha pa para heavy!!";"NULL";"NULL";0;0;0;"tl";"O"
311;"migzcabral";"RT @Amphigong: Baha daw sa...  Ateneo: ""Go Ateneo! One Big Flood!"" UST: ""Go USTE! Over Flow UST!"" UP: ""UP Naming Baha!"" La Salle: ""D! L-S! …";"NULL";"NULL";0;0;1;"tl";"O"
312;"iamaskeylegend";"@mariahhxxx Baha na hanggang leeg. tapos yung bubong natin nagbakasyon daw muna. hahaha joke okay lang kami";"NULL";"NULL";0;0;0;"tl";"O"
313;"iamRrreizel";"@Gavankenny @markgabriellef @IammeKCL #Bonjoy sup MCBOYZ ayos lang ba kayo? nasa talampakan na yung baha samin hahaha :)";"NULL";"NULL";1;0;0;"tl";"O"
314;"grldnanne";"@Junsanity07 oo buset pag baha pa din dalawang gabi na ko dto sa kaibigan ko hahaha :) ayy sayang! Ingat kayo later! :))";"NULL";"NULL";0;0;0;"tl";"O"
315;"Layb0osh09";"Grabe BAHA na sa Paligid namin :(( Keep Safe Everyone :3";"NULL";"NULL";0;0;0;"tl";"O"
316;"cathyvillaflor";"RT @Amphigong: Baha daw sa...  Ateneo: ""Go Ateneo! One Big Flood!"" UST: ""Go USTE! Over Flow UST!"" UP: ""UP Naming Baha!"" La Salle: ""D! L-S! …";"NULL";"NULL";0;0;1;"tl";"O"
317;"crisellevc";"Kapag taga-Malabon sanay agad sa baha eh 'no?";"NULL";"NULL";0;0;0;"tl";"O"
318;"yaanyoung";"So sweet ♡ ♡ ♡ Pinasan niya ko palabas sakanila wag lang mabasa ng baha yung paa ko.. ♡ ♡ ♡";"NULL";"NULL";0;0;0;"tl";"O"
319;"kweyniiee";"@shabondoc_ malalim naman talaga yung baha sa españa ee!! Hahaha";"NULL";"NULL";0;0;0;"tl";"O"
320;"_Padillasophia";"@_Sebastiaann tien? Baha sainyo?";"NULL";"NULL";0;0;0;"tl";"O"
321;"jsmnesgrr";"RT @Amphigong: Baha daw sa...  Ateneo: ""Go Ateneo! One Big Flood!"" UST: ""Go USTE! Over Flow UST!"" UP: ""UP Naming Baha!"" La Salle: ""D! L-S! …";"NULL";"NULL";0;0;1;"tl";"O"
322;"YZAbeluh";"RT @Amphigong: Baha daw sa...  Ateneo: ""Go Ateneo! One Big Flood!"" UST: ""Go USTE! Over Flow UST!"" UP: ""UP Naming Baha!"" La Salle: ""D! L-S! …";"NULL";"NULL";0;0;1;"tl";"O"
323;"lagkitkat";"Bumaba ka na baha! I forgot to buy my dinner!";"NULL";"NULL";0;0;0;"tl";"O"
324;"HelloBABE08";"tsskkkkkk pumasok yung tubig sa kwarto ko :( baha tuloy!! tskk";"NULL";"NULL";0;0;0;"tl";"O"
325;"DelishaStyles";"Jgh solid baha pauwi ge sm pa kasi eh hahaha";"NULL";"NULL";0;0;0;"tl";"O"
326;"sanji20142";"@sanji nag pabuhat nalang sa taas ng baha";"NULL";"NULL";0;0;0;"tl";"O"
327;"Markiefeller";"@BlackandGelowww @kennsantoss @alfredtheodored @karlsyyyy  naka dehado anyan pre, mga 2 weeks bago mawala baha na ganyang kalala hahaha";"NULL";"NULL";0;0;0;"tl";"O"
328;"eysonic";"@michhyyyy kayo din dyan! Grabe din ang baha dyan sa v.mapa ah!";"NULL";"NULL";0;0;0;"tl";"O"
329;"GabbyPrecilla";"RT @Amphigong: Baha daw sa...  Ateneo: ""Go Ateneo! One Big Flood!"" UST: ""Go USTE! Over Flow UST!"" UP: ""UP Naming Baha!"" La Salle: ""D! L-S! …";"NULL";"NULL";0;0;1;"tl";"O"
330;"myprincesssica";"Nakakainis!! Bakit ba kase baha sa may masinag!!! Gusto kooo manuod! Wala naman ako madadaanan!! NAKAKAIYAK!";"NULL";"NULL";0;0;0;"tl";"O"
331;"Kharenecocruz";"Akala ko baha. Swimming pool lng pla na chocolate flavor";"NULL";"NULL";0;0;0;"tl";"O"
332;"julliagnzga";"Baha na kela Isabel pero text pa rin ng text hahahaha";"NULL";"NULL";0;0;0;"tl";"O"
333;"Jamessshhh";"Grabe yung baha sa Maynila.... Lagpas ulo na... Lagpas ulo ni Sam Chan hahaha @ifyuseekay";"NULL";"NULL";0;0;0;"tl";"O"
334;"overjoie";"@ILHOONYOOK @Gryffindor009 gusto ko matuloy sana bukas di na maulan tska wala na baha dyan,";"NULL";"NULL";0;0;0;"tl";"O"
335;"JoannaSicat";"@elishakimchee Baha daw hanggang bubong sa pasig eh. Di naman nagtetext si jhe kaasar";"NULL";"NULL";0;0;0;"tl";"O"
336;"ItsHazelUmadac";"RT @Masayowk: gusto mo palanguyin natin sa baha ung maga naninirasayo!!!? @imdanielpadilla hahaha @KevinPadillaFTW";"NULL";"NULL";0;0;1;"tl";"O"
337;"BManares";"Kung kailan baha dun ko gusto magpadeliver -.- Tanga lang ih";"NULL";"NULL";0;0;0;"tl";"O"
338;"etaenity";"@kreesteenlee RTU nga eh huhu baha nga dun :-(";"NULL";"NULL";0;0;0;"tl";"O"
339;"alcantaranicc";"@unknownBianca_ eew no way I will not lusong lusong sa baha. It's kadiri na unlike kanina hehehehehe";"NULL";"NULL";0;0;0;"tl";"O"
340;"supermesi";"RT @pacoevangelista: Cuddle weather? Sige nga, cuddle nga kayo sa baha.";"NULL";"NULL";0;0;1;"tl";"O"
341;"MarryHee";"last rt was actually near my house. tangina wag naman sana abutin ng baha yung subdivision namin :<";"NULL";"NULL";0;0;0;"tl";"O"
342;"vncntmln";"Grabe kanina na stranded kami sa super market tas ang taas na ng baha! Yung lumusong kami sa hanggang dib dib na baha";14.605336;121.107716;0;0;0;"tl";"O"
343;"chaaraught";"Sana tumigil na po yung ulan. Bahang baha na dto. :( keep safe everyone!! Pray.";"NULL";"NULL";0;0;0;"tl";"O"
344;"reyeskarr";"May way po ba sa magcommute moa to antipolo? #FloodPH #RescuePH #DahilMayBagyoNgayon #mmda #metromanilafloods @MMDA";"NULL";"NULL";1;0;0;"tl";"O"
345;"WowoWillieTV";"KAPATID UPDATE LOLO SA ARANETA AVE., AYAW MAGPA-RESCUE DAHIL MAIIWAN ANG KARITON NIYA SA BAHA... http://t.co/s7vuTxaKhE #WowoWillie";"NULL";"NULL";1;1;0;"tl";"O"
346;"imnicolebnzn";"pinasok kami ng baha guys hahahahahaha (cto) http://t.co/xlSnmklnsZ";"NULL";"NULL";0;0;0;"tl";"O"
347;"jncrq";"@oohglysibug hanggang talampakan pamo yung baha";"NULL";"NULL";0;0;0;"tl";"O"
348;"gelarellano";"@shaira_ma okay naman. humupa na baha sa may samen. =))) sumasakit lang talaga sugat ko hahaa";"NULL";"NULL";0;0;0;"tl";"O"
349;"aircranditioner";"RT @Amphigong: Baha daw sa...  Ateneo: ""Go Ateneo! One Big Flood!"" UST: ""Go USTE! Over Flow UST!"" UP: ""UP Naming Baha!"" La Salle: ""D! L-S! …";"NULL";"NULL";0;0;1;"tl";"O"
350;"partiallystars";"RT @tweetienidickie: ""Forward Ever, Backward Never, Baha Forever""   dat ganyan ang slogan ng Manila @PresidentErap @MMDA";"NULL";"NULL";0;0;1;"tl";"O"
351;"shynethhabana";"First time kong sumugod sa baha kanina >.<";"NULL";"NULL";0;0;0;"tl";"O"
352;"camsdelacruz";"@privaterianne malapit sa fatima. Di naman sa min baha, sa tapat lang talaga ng fatima baha. Sa inyo ba? Obando ka di ba? Ingat, ingat :-)";"NULL";"NULL";0;0;0;"tl";"O"
353;"athangarcia";"Oo bro baha na. Lampas pinto na tubig sa bahay haha @JeremiahTrajano http://t.co/VfG3UmSZNX";"NULL";"NULL";0;0;0;"tl";"O"
354;"KNBuenaventura";"@Cedrick4twenty hindi daw baha pre sabi ni mama. Kakauwe niya lang galing palengke";"NULL";"NULL";0;0;0;"tl";"O"
355;"jbtiamson95";"RT @Amphigong: Baha daw sa...  Ateneo: ""Go Ateneo! One Big Flood!"" UST: ""Go USTE! Over Flow UST!"" UP: ""UP Naming Baha!"" La Salle: ""D! L-S! …";"NULL";"NULL";0;0;1;"tl";"O"
356;"ImRoyceanne";"@MMDA Baha po ba sa may SM North?";"NULL";"NULL";0;0;0;"tl";"O"
357;"Heymarsmars";"RT @TheUSTF: Yang baha at ulan? Parang feelings ko. Ngayon lang yan. Bukas makalawa, wala na rin to. Maghintay ka lang! #HugotSaTagUlan";"NULL";"NULL";1;0;1;"tl";"O"
358;"cosmiclia";"RT @Amphigong: Baha daw sa...  Ateneo: ""Go Ateneo! One Big Flood!"" UST: ""Go USTE! Over Flow UST!"" UP: ""UP Naming Baha!"" La Salle: ""D! L-S! …";"NULL";"NULL";0;0;1;"tl";"O"
359;"norhainawavesss";"RT @Amphigong: Baha daw sa...  Ateneo: ""Go Ateneo! One Big Flood!"" UST: ""Go USTE! Over Flow UST!"" UP: ""UP Naming Baha!"" La Salle: ""D! L-S! …";"NULL";"NULL";0;0;1;"tl";"O"
360;"YansIgnacio";"BUTI KA PA HINDI MALULUNOD SA BAHA HIPON KA EH :(";"NULL";"NULL";0;0;0;"tl";"O"
361;"asdfghjkimxx";"RT @UbieLovesPurple: Bkit ngayon pagnkakakita ng baha, unang ginagawa ay picturan?";"NULL";"NULL";0;0;1;"tl";"O"
362;"schaimc";"im hungry, lalabas ako kahit baha hahaha";"NULL";"NULL";0;0;0;"tl";"O"
363;"rhonacny";"@tLEKmnksyn Di ko alam. Bukas sana kung di na baha. Pero sabi nila matagal daw bago umupa omg no magswimming ku knyan :(";"NULL";"NULL";0;0;0;"tl";"O"
364;"PatrickHugals";"@MarggmallowPH Dnt worry. Hahaha kmusta ka dyn bes, bka nag sswimming kna dyan sa baha ahh? XD";"NULL";"NULL";0;0;0;"tl";"O"
365;"Geenaxion";"Grabe pala baha sa ibang lugar. Ingat kayo.";"NULL";"NULL";0;0;0;"tl";"O"
366;"lykaalykees";"9/19/14 My first baha experience. Lampas tuhod. Hindi pala talaga biro. Keep safe everyone pls!!!!!!";"NULL";"NULL";0;0;0;"tl";"O"
367;"skyescusa";"Haha laughtrip si kuya. Naka life jacket kahit hanggang tuhod lang baha. Adik lol";"NULL";"NULL";0;0;0;"tl";"O"
368;"heyitsrail";"@iamtanyalouise baha na jan sa bahay?";"NULL";"NULL";0;0;0;"tl";"O"
369;"mikayla_qg00";"RT @ilovebobong: Wag kang lumusong sa baha baka lumutang ka, plastic ka pa naman.";"NULL";"NULL";0;0;1;"tl";"O"
370;"ShairaLee28";"RT @UlolWagAko: May bagyo at baha na, puro ka pa rin kalandian.";"NULL";"NULL";0;0;1;"tl";"O"
371;"SP01_CJ";"@Sirrecklessy haha ok naman, baha narin dto sa cavite ehh. musta dyan bro?";"NULL";"NULL";0;0;0;"tl";"O"
372;"john202011";"Baha na po ba sa iba o botolan?";15.62624;119.929148;0;0;0;"tl";"O"
373;"lalaluhraine";"Keepsafe everyone, tangayin na sana ng baha yung kumuha ng phone ko. leche ka.";"NULL";"NULL";0;0;0;"tl";"O"
374;"Jyaack";"@iamdanieeel oo nakakakinis gutom na ako hahaha. Baka na anod na yun sa baha di na makarating sakin HAHA";"NULL";"NULL";0;0;0;"tl";"O"
375;"Jenbercilla";"Wag kang lalabas, baka tangayin ka ng Baha. Plastik ka pa naman. #KeepSafe";"NULL";"NULL";1;0;0;"tl";"O"
376;"miguelborja16";"Kulay putik na ung baha fak";"NULL";"NULL";0;0;0;"tl";"O"
377;"jncrq";"@oohglysibug ingat ka baka malunod ka sa baha :o hehe";"NULL";"NULL";0;0;0;"tl";"O"
378;"retomanica";"@Ynuhhh @TonQuitoriano Huhu baha na tita!!!!!!! Uwi na punta ko dyan!";"NULL";"NULL";0;0;0;"tl";"O"
379;"TheFlyingD26";"RT @WagTamad: Buti pa yung baha, tumataas. Eh yung grade mo?";"NULL";"NULL";0;0;1;"tl";"O"
380;"AlzatRoi";"Kanina baha sa labas!! Ngaun humupa na pero merong hangin! :) http://t.co/LIWVAgTTa1";"NULL";"NULL";0;0;0;"tl";"O"
381;"IamSophiaLimit";"RT @ogiediaz: Nag-txt si Mahal. Hanggang leeg na raw niya ang baha sa kanilang lugar.";"NULL";"NULL";0;0;1;"tl";"O"
382;"mariell_cruz";"RT @RodgeRiveraaa: sana yung baha hindi abot sa bahay namin :((";"NULL";"NULL";0;0;1;"tl";"O"
383;"mikaaatuazon";"@mallarybird HAHA ready na ako magswimming sa baha =)))";"NULL";"NULL";0;0;0;"tl";"O"
384;"itsnaughtylie";"yung baha napapansin mo eh yung pagmamahal kong umaapaw para sayo?";"NULL";"NULL";0;0;0;"tl";"O"
385;"imichydiaz";"@Kevi_Tan hassle di ba puta kahit saan baha";"NULL";"NULL";0;0;0;"tl";"O"
386;"jenniferrrdilan";"6hrs. na daw silang nakababad sa baha tapos ako natutulog lang :(";"NULL";"NULL";0;0;0;"tl";"O"
387;"jcdtan";"@reichsy543 baha na sa inyo twitter ka pa din";"NULL";"NULL";0;0;0;"tl";"O"
388;"itsmeElvinne";"“@TheUSTF: Hindi pa rin humuhupa yung ulan at baha. Tulad ng feelings ko sayo. #HugotSaTagUlan”";"NULL";"NULL";1;0;0;"tl";"O"
389;"elyannahlim";"“@Wesleyology: Maligo tayo sa baha” tapos kasabay mo magswimming yung daga!:)";"NULL";"NULL";0;0;0;"tl";"O"
390;"claireeemeow";"Baha, bagyo, terorismo, corruption, krimen. Ano pa? Ano pa yung mga rason para iwan ng mga pinoy ang sariling bansa nila? Tsk!";"NULL";"NULL";0;0;0;"tl";"O"
391;"Lozolpls";"RT @Amphigong: Baha daw sa...  Ateneo: ""Go Ateneo! One Big Flood!"" UST: ""Go USTE! Over Flow UST!"" UP: ""UP Naming Baha!"" La Salle: ""D! L-S! …";"NULL";"NULL";0;0;1;"tl";"O"
392;"ptrcgarcia";"sana tangayin na ng baha yung feelings ko para sayo choz arte";"NULL";"NULL";0;0;0;"tl";"O"
393;"HitMeGreendel";"@erkamanics lagpas coco na ba ang baha sa Spain?";"NULL";"NULL";0;0;0;"tl";"O"
394;"AJHOjojo";"Super lagpas na sa ulo ko yung baha. Lagpas na sa bewang eh. :/ :D #MindShit";"NULL";"NULL";1;0;0;"tl";"O"
395;"jmrys";"@ninadaspa Baha pa rin? Tumigil na ulan dito eh";"NULL";"NULL";0;0;0;"tl";"O"
396;"IAMSEOKJINS";"@sarca_sam dapat??? hahahaha pero baha na yung dadaanan ko and ayaw na ako payagan ng parents ko :((((((";"NULL";"NULL";0;0;0;"tl";"O"
397;"rancejude";"Unti unting tumataas ang baha sa aming eskinita. Paano ito bukas, hanggang hagdanan na namin?";"NULL";"NULL";0;0;0;"tl";"O"
398;"Rzl_Guan";"Sana di na baha gusto kong bumili sa savemore ng kahit anong pagkain tas bili ng Emong's pandesal woohoo";"NULL";"NULL";0;0;0;"tl";"O"
399;"kmbrlyabn";"@gyeoulbw_ tutuloy ka na sa araneta? Lubog sa baha yung daanan. Hahahaha";"NULL";"NULL";0;0;0;"tl";"O"
400;"TyEllice";"@katrinaacamacho namo , umuulan it's not able to pass through marcos highway hahaha ! Baha na teh ! Bahaaa !";"NULL";"NULL";0;0;0;"tl";"O"
401;"jeonpls";"RT @suhotherich: rt this for nonsense message mula saken wag i'rt kung di pinoy ok kundi papainom ko sayo yung baha dito basta dyosa parin …";"NULL";"NULL";0;0;1;"tl";"O"
402;"BernieCadao";"@ilda_talk @whycani dapat araw araw meron baha sa MM para maalis Ang mga basura";"NULL";"NULL";0;0;0;"tl";"O"
403;"princesslunas";"RT @janellayap: “@TheUSTF: Yang baha at ulan? Parang feelings ko. Ngayon lang yan. Bukas makalawa, wala na rin to. Maghintay ka lang! #Hugo…";"NULL";"NULL";1;0;1;"tl";"O"
404;"OfficialAllyza";"RT @Senyora: Wag ka lumusong sa baha. Baka mapagkamalan kitang lumulutang na daga";"NULL";"NULL";0;0;1;"tl";"O"
