"TweetID","User","Tweet","Latitude","Longitude","IsUrl","IsHashtag","IsRetweet","Language","Category","W_cuyab","W_mahigit","W_mario","W_bagyo","W_dulot","W_estero","W_apektado","W_bagyong","W_camnorte","W_dist","W_tulay","W_tinatayang","W_pamilya","Length"
"2","USTRCYCENG","RT @varsitarianust: Evacuees at Sto. Domingo Church in QC have reached 2.5k. @UST_CSC calling for volunteers tomorrow, 6am call time. #ReliÃ? Ã¢â?¬â??_",,,"1","0","1","en","CD","0","0","0","0","0","0","0","0","0","0","0","0","0","29"
"103","YoItsEllaoiG","RT @DZMMTeleRadyo: Tulay sa CamNorte, nawasak ng baha; Quirino Hiway ang daan pa-Daet (Photo from @PRO5React) http://t.co/l9AopM1Zmy httpÃ? Ã¢â?¬â??_",,,"0","1","1","tl","CD","0","1","0","0","0","0","0","0","1","0","0","0","0","24"
"272","CitizenPatrol","Mahigit 3,000 pamilya, apektado ng baha sa Candaba, Pampanga. #MarioPH #FloodPH",,,"1","0","0","tl","CD","0","0","0","0","1","0","0","0","0","0","1","1","0","14"
"289","sanjuncssr","RT @CitizenPatrol: ilang residente sa marikina inilikas na sa Malanday Elem. School. #MarioPH #ReliefPH",,,"1","0","1","tl","CD","0","0","0","0","0","0","0","0","0","0","0","0","0","17"
"290","sanjuncssr","RT @CitizenPatrol: ilang residente sa marikina inilikas na sa din sa pilipinas at sampaguita village . #MarioPH #ReliefPH",,,"1","0","1","tl","CD","0","0","0","0","0","0","0","0","0","0","0","0","0","19"
"437","CitizenPatrol","Sa dist. 4 brgy. 576 d. santiago ay tinatayang 50 pamilya ang apektado ng bagyong mario. #MarioPH #FloodPH",,,"1","0","0","tl","CD","0","0","0","1","1","1","1","1","0","0","0","1","0","22"
"725","CitizenPatrol","Sa muntinlupa may 60 pamilya sa cupang at 50 sa tunasan (cuyab) ay apektado dulot ng bagyo.#MarioPH #FloodPH",,,"1","0","0","tl","CD","1","0","1","0","1","0","0","0","0","1","0","1","0","22"
"734","CitizenPatrol","Sa paranaque, 60 pamilya ang inilikas sa silverio creek at 30 sa fastrack. #MarioPH #ReliefPH",,,"1","0","0","tl","CD","0","0","0","0","0","0","0","0","0","0","0","1","0","17"
"735","CitizenPatrol","15 pamilya sa Pasay,brgy 184 ang kasalukuyang nasa brgy.hall at 15 naman ang nasa daycare . #MarioPH #ReliefPH",,,"1","0","0","tl","CD","0","0","0","0","0","0","0","0","0","0","0","1","0","22"
"1223","katolikongpinoy","RT @varsitarianust: 2.5k evacuees in Sto. Domingo Church, QC as of of 8PM. SOURCE: DOMNET #MarioPH #ReliefPH",,,"1","0","0","en","CD","0","0","0","0","0","0","0","0","0","0","0","0","0","23"
"1224","CitizenPatrol","Sa brgy 162 sta.Quiteria ay tinatayang may 148 at gayun din sa brgy 164 na may 101 na pamilya ang apektado dulot ng bagyo. #MarioPH",,,"1","0","0","tl","CD","0","0","1","1","1","0","0","0","0","1","0","1","0","28"
"1225","KeniticChoy","RT @stateofdnation: Mahigit limandaang pamilya ang kinailangang ilikas sa Malabon dahil sa matinding baha. LIVE si @tinapperez.",,,"0","0","1","tl","CD","0","0","0","0","0","0","0","0","0","0","1","1","0","20"
"1228","QMCMags","Ã? Ã¢â?¬â??Ã¢â?¬Å?@DZMMTeleRadyo: Tulay sa CamNorte, nawasak ng baha http://t.co/BbC25XjXx4Ã? Ã¢â?¬â??Ã?ï?? #HugotSaTagUlan @QueenAngeH @DearAtiSayii",,,"1","1","0","tl","CD","0","1","0","0","0","0","0","0","1","0","0","0","0","16"
"1230","gabdarez","RT @YouScoop: Tulay sa Brgy. Kabuluan, Sta Elena sa Camarines Norte, winasak ng baha. #MarioPH http://t.co/DOG7B2jJVH",,,"1","0","1","tl","CD","0","1","0","0","0","0","0","0","0","0","0","0","0","21"
"1231","DZMMTeleRadyo","Tulay sa CamNorte, nawasak ng baha http://t.co/l9AopM1Zmy http://t.co/nVoZrD9Ibd",,,"0","1","0","tl","CD","0","1","0","0","0","0","0","0","1","0","0","0","0","9"
"1232","kawaiirobeni","RT @DZMMTeleRadyo: Tulay sa CamNorte, nawasak ng baha http://t.co/l9AopM1Zmy http://t.co/nVoZrD9Ibd",,,"0","1","1","tl","CD","0","1","0","0","0","0","0","0","1","0","0","0","0","12"
"1233","badillo_kevin","RT @DZMMTeleRadyo: Tulay sa CamNorte, nawasak ng baha http://t.co/l9AopM1Zmy http://t.co/nVoZrD9Ibd",,,"0","1","1","tl","CD","0","1","0","0","0","0","0","0","1","0","0","0","0","12"
"1234","badillo_kevin","RT @DZMMTeleRadyo: Tulay sa CamNorte, nawasak ng baha http://t.co/l9AopM1Zmy http://t.co/nVoZrD9Ibd",,,"0","1","1","tl","CD","0","1","0","0","0","0","0","0","1","0","0","0","0","12"
"1235","nnnikkka","RT @DZMMTeleRadyo: Tulay sa CamNorte, nawasak ng baha http://t.co/l9AopM1Zmy http://t.co/nVoZrD9Ibd",,,"0","1","1","tl","CD","0","1","0","0","0","0","0","0","1","0","0","0","0","12"
"1236","chantaleco","RT @CitizenPatrol: Sa Kalaw roxas compound ay tinatayang may 300 na pamilya ang apektado dulot ng bagyo. #MarioPH #FloodPH",,,"1","0","1","tl","CD","0","0","1","1","1","0","0","0","0","1","0","1","0","21"
"1238","chantaleco","RT @CitizenPatrol: S dist. 5 baseco,inilikas n ilang mga residente s atienza elem. at aquino elem. n tinatayang hndi bababa sa limang libo.Ã?Â¢Ã¢â??Â¬Ã?Â¦",,,"1","0","1","tl","CD","0","0","0","1","0","0","1","0","0","0","0","0","0","31"
"1239","chantaleco","RT @CitizenPatrol: Sa dist. 4 brgy. 576 d. santiago ay tinatayang 50 pamilya ang apektado ng bagyong mario. #MarioPH #FloodPH",,,"1","0","1","tl","CD","0","0","0","1","1","1","1","1","0","0","0","1","0","25"
"1240","kawaiirobeni","RT @DZMMTeleRadyo: Tulay sa CamNorte, nawasak ng baha http://t.co/l9AopM1Zmy http://t.co/nVoZrD9Ibd",,,"0","1","1","tl","CD","0","1","0","0","0","0","0","0","1","0","0","0","0","12"
"1241","DZMMTeleRadyo","Tulay sa CamNorte, nawasak ng baha http://t.co/l9AopM1Zmy http://t.co/nVoZrD9Ibd",,,"0","1","0","tl","CD","0","1","0","0","0","0","0","0","1","0","0","0","0","9"
"1242","gabdarez","RT @YouScoop: Tulay sa Brgy. Kabuluan, Sta Elena sa Camarines Norte, winasak ng baha. #MarioPH http://t.co/DOG7B2jJVH",,,"1","0","1","tl","CD","0","1","0","0","0","0","0","0","0","0","0","0","0","21"
"1244","JhelRonquillo","833 pamilya/2,833 indibidwal inilikas mula sa ibat ibang distrito ng Maynila dahil parin sa baha #MarioPH",,,"1","0","0","tl","CD","0","0","0","0","0","0","0","0","0","0","0","0","0","17"
"1245","CitizenPatrol","S dist. 5 baseco,inilikas n ilang mga residente s atienza elem. at aquino elem. n tinatayang hndi bababa sa limang libo. #MarioPH #ReliefPH",,,"1","0","0","tl","CD","0","0","0","1","0","0","1","0","0","0","0","0","0","29"
"1246","CitizenPatrol","Sa Kalaw roxas compound ay tinatayang may 300 na pamilya ang apektado dulot ng bagyo. #MarioPH #FloodPH",,,"1","0","0","tl","CD","0","0","1","1","1","0","0","0","0","1","0","1","0","18"
"1247","CitizenPatrol","24 families, 81 individual mula sa Brgy. Bagumbayan, Taguig City ang lumikas sa Cayetano Sports Complex. #MarioPH #ReliefPH",,,"1","0","0","tl","CD","0","0","0","0","0","0","0","0","0","0","0","0","0","22"
"1248","katolikongpinoy","RT @CitizenPatrol: S dist. 3,parola binondo s bgy. 275 ay tinatayang 400 pmilya ang apektado at 292 kbahayan ang nsira dulot ng bgyong mariÃ?Â¢Ã¢â??Â¬Ã?Â¦",,,"1","0","1","tl","CD","0","0","1","1","1","0","1","0","0","0","0","0","0","29"
"1249","chantaleco","RT @CitizenPatrol: S dist. 3,parola binondo s bgy. 275 ay tinatayang 400 pmilya ang apektado at 292 kbahayan ang nsira dulot ng bgyong mariÃ?Â¢Ã¢â??Â¬Ã?Â¦",,,"1","0","1","tl","CD","0","0","1","1","1","0","1","0","0","0","0","0","0","29"
"1251","KJDumapit","RT @CitizenPatrol: ilang pamilya sa Brgy San Pedro West, Frisco, QC, ay nastuck na sa 2nd floor at patuloy pa din ang lakas ulan. #MarioPH Ã?Â¢Ã¢â??Â¬Ã?Â¦",,,"1","0","1","tl","CD","0","0","0","0","0","0","0","0","0","0","0","1","0","31"
"1252","KJDumapit","RT @CitizenPatrol: Lumikas na sa covered court ng barangay ang mga taga Bulelak, Marikina. #MarioPH #ReliefPH",,,"1","0","1","tl","CD","0","0","0","0","0","0","0","0","0","0","0","0","0","19"
"1253","KJDumapit","RT @CitizenPatrol: Sa kalaw roxas compound ay tinatayang 300 na pamilya ang apektado ng patuloy na pag ulan at pagbaha. #MarioPH #FloodPH",,,"1","0","1","tl","CD","0","0","0","1","1","0","0","0","0","0","0","1","0","24"
"1254","KJDumapit","RT @CitizenPatrol: Sa district. 1 brgy. 93 estero ay tinatayang 50 pamilya ang apektado sa bagyong mario. #MarioPH #FloodPH",,,"1","0","1","tl","CD","0","0","0","1","1","1","0","1","0","0","0","1","1","23"
"1255","KJDumapit","RT @CitizenPatrol: Sa district 2 mayhaligue estero brgy. 257 ay tinatayang 60 pamilya ang apektado sa bagyong mario. #MarioPH #FloodPH",,,"1","0","1","tl","CD","0","0","0","1","1","1","0","1","0","0","0","1","1","23"
"1256","KJDumapit","RT @CitizenPatrol: umabot s mahigit 10,000 ang mga residente s marikina ang nilikas dhil ptuloy n pgtaas ng baha s Marikina river n ngyon aÃ?Â¢Ã¢â??Â¬Ã?Â¦",,,"0","0","1","tl","CD","0","0","0","0","0","0","0","0","0","0","1","0","0","26"
"1257","KJDumapit","RT @CitizenPatrol: Sa district 2 ,felix de leon brgy. 256 ay tinatayang 100 pamilya ang apektado sa bagyong mario. #MarioPH #FloodPH",,,"1","0","1","tl","CD","0","0","0","1","1","1","0","1","0","0","0","1","0","25"
"1259","KJDumapit","RT @CitizenPatrol: Sa district 2 ,felix de leon brgy. 264 ay tinatayang 50 pamilya naman ang apektado sa bagyong mario. #MarioPH #FloodPH",,,"1","0","1","tl","CD","0","0","0","1","1","1","0","1","0","0","0","1","0","26"
"1260","KJDumapit","RT @CitizenPatrol: district 2,estero narcisa bgy. 259 tinatayang 150 at 200 n pmilya nman s estero de magdalena ang apektado s bagyong marÃ?Â¢Ã¢â??Â¬Ã?Â¦",,,"1","0","1","tl","CD","0","0","0","1","1","1","0","0","0","0","0","0","2","27"
"1261","KJDumapit","RT @CitizenPatrol: 2,200 pmilya s Caloocan inilikas at 1,278 pamilya naman inilikas mula sa mga bgys malapit sa Tullahan river sa ValenzuelÃ?Â¢Ã¢â??Â¬Ã?Â¦",,,"1","0","1","tl","CD","0","0","0","0","0","0","0","0","0","0","0","1","0","23"
"1262","KJDumapit","RT @CitizenPatrol: S dist. 3,parola binondo s bgy. 275 ay tinatayang 400 pmilya ang apektado at 292 kbahayan ang nsira dulot ng bgyong mariÃ?Â¢Ã¢â??Â¬Ã?Â¦",,,"1","0","1","tl","CD","0","0","1","1","1","0","1","0","0","0","0","0","0","29"
"1263","KJDumapit","RT @CitizenPatrol: Sa dist. 4 brgy. 576 d. santiago ay tinatayang 50 pamilya ang apektado ng bagyong mario. #MarioPH #FloodPH",,,"1","0","1","tl","CD","0","0","0","1","1","1","1","1","0","0","0","1","0","25"
"1279","Mauilorezca","RT @ryanmacatulad: Ã?Â¢Ã¢â??Â¬Ã?â??@gmanews: MARILAO, BULACAN Ã?Â¢Ã¢â??Â¬Ã¢â?¬ï?? Abot leeg na ang baha sa ilang lugar. Ilang residente ang inilikas. #MarioPH update ni JohÃ?Â¢Ã¢â??Â¬Ã?Â¦",,,"1","0","1","tl","CD","0","0","0","0","0","0","0","0","0","0","0","0","0","28"
"1280","chantaleco","RT @CitizenPatrol: 2,200 pmilya s Caloocan inilikas at 1,278 pamilya naman inilikas mula sa mga bgys malapit sa Tullahan river sa ValenzuelÃ?Â¢Ã¢â??Â¬Ã?Â¦",,,"1","0","1","tl","CD","0","0","0","0","0","0","0","0","0","0","0","1","0","23"
"1281","CitizenPatrol","S dist. 3,parola binondo s bgy. 275 ay tinatayang 400 pmilya ang apektado at 292 kbahayan ang nsira dulot ng bgyong mario. #MarioPH #FloodPH",,,"1","0","0","tl","CD","0","0","1","1","1","0","1","1","0","0","0","0","0","29"
"1282","katolikongpinoy","RT @CitizenPatrol: Sa district. 1 brgy. 93 estero ay tinatayang 50 pamilya ang apektado sa bagyong mario. #MarioPH #FloodPH",,,"1","0","0","tl","CD","0","0","0","1","1","1","0","1","0","0","0","1","1","23"
"1284","letmillete","RT @BalitaNgayon: 113 preso sa Meycauayan Municipal Jail, inilipat sa Sta. Maria Municipal Jail dahil sa hanggang dibdib na baha #MarioPH |Ã?Â¢Ã¢â??Â¬Ã?Â¦",,,"1","0","1","tl","CD","0","0","0","0","0","0","0","0","0","0","0","0","0","25"
"1285","CitizenPatrol","2,200 pmilya s Caloocan inilikas at 1,278 pamilya naman inilikas mula sa mga bgys malapit sa Tullahan river sa Valenzuela. #MarioPH #FloodPH",,,"1","0","0","tl","CD","0","0","0","0","0","0","0","0","0","0","0","1","0","23"
"1286","chantaleco","RT @CitizenPatrol: district 2,estero narcisa bgy. 259 tinatayang 150 at 200 n pmilya nman s estero de magdalena ang apektado s bagyong marÃ?Â¢Ã¢â??Â¬Ã?Â¦",,,"1","0","1","tl","CD","0","0","0","1","1","1","0","0","0","0","0","0","2","27"
"1287","chantaleco","RT @CitizenPatrol: Sa district 2 ,felix de leon brgy. 264 ay tinatayang 50 pamilya naman ang apektado sa bagyong mario. #MarioPH #FloodPH",,,"1","0","1","tl","CD","0","0","0","1","1","1","0","1","0","0","0","1","0","26"
"1289","chantaleco","RT @CitizenPatrol: Sa district 2 ,felix de leon brgy. 256 ay tinatayang 100 pamilya ang apektado sa bagyong mario. #MarioPH #FloodPH",,,"1","0","1","tl","CD","0","0","0","1","1","1","0","1","0","0","0","1","0","25"
"1290","chantaleco","RT @CitizenPatrol: umabot s mahigit 10,000 ang mga residente s marikina ang nilikas dhil ptuloy n pgtaas ng baha s Marikina river n ngyon aÃ?Â¢Ã¢â??Â¬Ã?Â¦",,,"0","0","1","tl","CD","0","0","0","0","0","0","0","0","0","0","1","0","0","26"
"1291","chantaleco","RT @CitizenPatrol: Sa district 2 mayhaligue estero brgy. 257 ay tinatayang 60 pamilya ang apektado sa bagyong mario. #MarioPH #FloodPH",,,"1","0","1","tl","CD","0","0","0","1","1","1","0","1","0","0","0","1","1","23"
"1292","chantaleco","RT @CitizenPatrol: Sa district. 1 brgy. 93 estero ay tinatayang 50 pamilya ang apektado sa bagyong mario. #MarioPH #FloodPH",,,"1","0","1","tl","CD","0","0","0","1","1","1","0","1","0","0","0","1","1","23"
"1293","chantaleco","RT @CitizenPatrol: Sa kalaw roxas compound ay tinatayang 300 na pamilya ang apektado ng patuloy na pag ulan at pagbaha. #MarioPH #FloodPH",,,"1","0","1","tl","CD","0","0","0","1","1","0","0","0","0","0","0","1","0","24"
"1294","CitizenPatrol","district 2,estero narcisa bgy. 259 tinatayang 150 at 200 n pmilya nman s estero de magdalena ang apektado s bagyong mario.#MarioPH #FloodPH",,,"1","0","0","tl","CD","0","0","0","1","1","1","0","1","0","0","0","0","2","27"
"1363","CitizenPatrol","Sa muntinlupa may 60 pamilya sa cupang at 50 sa tunasan (cuyab) ay apektado dulot ng bagyo.#MarioPH #FloodPH",,,"1","0","0","tl","CD","1","0","1","0","1","0","0","0","0","1","0","1","0","22"
"1326","renielnarez","Tara basketball tayo pre :> #FloodPh #FloodWallStreet http://t.co/TZwWQzJvLJ",,,"1","0","0","tl","O","0","0","0","0","0","0","0","0","0","0","0","0","0","9"
"711","Misshyelle","Thank God na low tide ngayon kung hindi mas tataas pa ang baha. Mag-ingat po tayot bantayan ang pagtaas ng tubig lalo nat gabi na #FloodPH",,,"1","0","0","tl","O","0","0","0","0","0","0","0","0","0","0","0","0","0","27"
"1349","Misshyelle","Thank God na low tide ngayon kung hindi mas tataas pa ang baha. Mag-ingat po tayot bantayan ang pagtaas ng tubig lalo nat gabi na #FloodPH",,,"1","0","0","tl","O","0","0","0","0","0","0","0","0","0","0","0","0","0","27"
"989","alaniskou","time to go home. mababaw na daw ang baha sa amin. :)",,,"0","0","0","tl","O","0","0","0","0","0","0","0","0","0","0","0","0","0","14"
"729","DivinemLee","To all our #rescueph team. Thank you :) I know pagoda na po kayo perl maslalo po tayong hindi pa pwede magpahinga kasi madilim na (1)",,,"1","0","0","tl","O","0","0","0","0","0","0","0","0","0","0","0","0","0","29"
"1041","Greggyie","To those who are asking Honestly hindi ko alam kung Papasok ako mamaya. Bahala na. #flood #baha #marioÃ?Â¢Ã¢â??Â¬Ã?Â¦ http://t.co/41UGbYdgsT",,,"1","1","0","tl","O","0","0","0","0","0","0","0","0","0","0","0","0","0","22"
"869","karldeeeee","TURN ON: BABAENG HUMIHIGOP NG BAHA. YOLO!",,,"0","0","0","tl","O","0","0","0","0","0","0","0","0","0","0","0","0","0","10"
"830","PhConnection","ULAT PINOY Update sa kalagayan ng panahon sa Marikina City. #marikina #marioPH #floodPH http://t.co/UCKw4cFZ10",,,"1","1","0","tl","O","0","0","0","0","0","0","0","0","0","0","0","0","0","15"
"1138","bootie_fly","UMABOT UN BAHA SA F&G WHAT THE FRACK ANG TAAS KAYA NG STAIRS DUN",,,"0","0","0","tl","O","0","0","0","0","0","0","0","0","0","0","0","0","0","14"
"889","mleeyass","Uuwi bali ako pagkita sa baha balik ulit",,,"0","0","0","tl","O","0","0","0","0","0","0","0","0","0","0","0","0","0","8"
"991","jessamaegorospe","Uwi dapat ako Pangasinan, kaso lalim baha. :(",,,"0","0","0","tl","O","0","0","0","0","0","0","0","0","0","0","0","0","0","10"
"1058","Imeljuuunn","Wag ka lumusong sa baha. Baka mapagkamalan kitang lumulutang na daga",,,"0","0","0","tl","O","0","0","0","0","0","0","0","0","0","0","0","0","0","12"
"1129","itsmeirenegail","Wag kang lumusong sa baha baka lumutang ka, plastic ka pa naman.",,,"0","0","0","tl","O","0","0","0","0","0","0","0","0","0","0","0","0","0","14"
"722","tinaysez","Wala nang mapuntahan ang tubig. Salamat at humupa na ang ulan. Washington cor. Dela Rosa Sts Makati #floodph #MarioPH http://t.co/CM2EceWfFN",,,"1","0","0","tl","O","0","0","0","0","0","0","0","0","0","0","0","0","0","23"
"1360","tinaysez","Wala nang mapuntahan ang tubig. Salamat at humupa na ang ulan. Washington cor. Dela Rosa Sts Makati #floodph #MarioPH http://t.co/CM2EceWfFN",,,"1","0","0","tl","O","0","0","0","0","0","0","0","0","0","0","0","0","0","23"
"1065","kennmarinas","Walang baha baha sa taong uwing uwi hahahaaha",,,"0","0","0","tl","O","0","0","0","0","0","0","0","0","0","0","0","0","0","8"
"1161","ChrlsDlvg","Walk trip + Baha = Basa hahaha with @pangantotski",,,"0","0","0","tl","O","0","0","0","0","0","0","0","0","0","0","0","0","0","9"
"70","Silentt104","Wushuuuu~~ lameegg mga pre! >3< #MarioPH #FloodPH #walangpasok",,,"1","0","0","tl","O","0","0","0","0","0","0","0","0","0","0","0","0","0","13"
"681","Silentt104","Wushuuuu~~ lameegg mga pre! >3< #MarioPH #FloodPH #walangpasok",,,"1","0","0","tl","O","0","0","0","0","0","0","0","0","0","0","0","0","0","13"
"1319","Silentt104","Wushuuuu~~ lameegg mga pre! >3< #MarioPH #FloodPH #walangpasok",,,"1","0","0","tl","O","0","0","0","0","0","0","0","0","0","0","0","0","0","13"
"1170","virgogirl2308","Yong mga hindi sana makaka punta dahil sa malakas na ulan at baha, heto na my chances pa kayo,Ã?Â¢Ã¢â??Â¬Ã?Â¦ http://t.co/a1vDdG19Ve",,,"0","1","0","tl","O","0","0","0","0","0","0","0","0","0","0","0","0","0","23"
"1081","3kc10","Yung baha na nga sa labas ng bahay, pati sa loob baha din. Yung wala na nga mabibili pagkain sa labasÃ?Â¢Ã¢â??Â¬Ã?Â¦ http://t.co/hPEB5Vylo5",,,"0","1","0","tl","O","0","0","0","0","0","0","0","0","0","0","0","0","0","24"
"987","ethanatienza","Yung baha, tumataas. Eh yung height mo, hindi. Aray bh3. Sadnu?",,,"0","0","0","tl","O","0","0","0","0","0","0","0","0","0","0","0","0","0","17"
"1026","itsmeirenegail","Yung baha, tumataas. Pero yung height ko, stay put lang. </3",,,"0","0","0","tl","O","0","0","0","0","0","0","0","0","0","0","0","0","0","15"
"950","iamjoyceeanne","yung buti na lng hinde pa ako naliligo, kasi ang ending lng din lulusong sa baha sa loob ng bahay pero sa kitchen lng haha.",,,"0","0","0","tl","O","0","0","0","0","0","0","0","0","0","0","0","0","0","27"
"1018","thepnggcrz","yung taas ng baha, kasing taas ng pride mong leche ka! hahahahahaaha #NoHardFeelings",,,"1","0","0","tl","O","0","0","0","0","0","0","0","0","0","0","0","0","0","15"
"851","JordanxMartinez","Yung takot ako lumusong sa baha! #gayshit brad haha",,,"1","0","0","tl","O","0","0","0","0","0","0","0","0","0","0","0","0","0","10"
"811","iamKRcruz","Yung totoo, si Kabayang Noli De Castro ba talaga ito o si Kuya Kim @kuyakim_atienza? #WhatsWithTheHat #MarioPH @TVPatrol #FloodPH",,,"1","0","0","tl","O","0","0","0","0","0","0","0","0","0","0","0","0","0","21"
"1106","amournonpartage","@Chrispatron56 baha po daw po",,,"0","0","0","tl","O","0","0","0","0","0","0","0","0","0","0","0","0","0","5"
"925","Mackzxcy","@ekjMora Oo baha padin kakauwi lang namin galing kame ni kurei sa morayta",,,"0","0","0","tl","O","0","0","0","0","0","0","0","0","0","0","0","0","0","13"
"960","miryong_","@Epic_Fandom nasa bahay padin ako. Hanggang 6 pa daw ulan, baha padin sa mga dadaanan ko :((((",,,"0","0","0","tl","O","0","0","0","0","0","0","0","0","0","0","0","0","0","19"
"961","burgosbeatrizf","@jinin_ @ilyanimirandi @AlyssaLinco yup, baha dito sa may labas ng mc at sobrang lakas ng hangin",,,"0","0","0","tl","O","0","0","0","0","0","0","0","0","0","0","0","0","0","17"
"1167","lyssamaejane","@kimroga swear? Sobrang taas na ng baha dito. Huhu, datin naman di umaabot dito yung baha eh. Buti ka pa nakauwi na :(",,,"0","0","0","tl","O","0","0","0","0","0","0","0","0","0","0","0","0","0","27"
"207","darleeeeene","@Maikehhh @kristiiiineeeee Oo nga tin. Dala kang life vest at salbabida baka malunod ka. Iilag mo yung sa may mga sharp end points sa baha.",,,"0","0","0","tl","O","0","0","0","0","0","0","0","0","0","0","0","0","0","28"
"202","necotiny","@MARGEmallows_ akoÃ?Â¢Ã?ï??Ã¢â?¬â??Ã?Â¯Ã?Â¸Ã?ï??Ã?Â¢Ã?ï??Ã¢â?¬â??Ã?Â¯Ã?Â¸Ã?ï??Ã?Â¢Ã?ï??Ã¢â?¬â??Ã?Â¯Ã?Â¸Ã?ï??Ã?Â¢Ã?ï??Ã¢â?¬â??Ã?Â¯Ã?Â¸Ã?ï?? Wag ka muna umuwi super baha Di ka makakauwi",,,"0","0","0","tl","O","0","0","0","0","0","0","0","0","0","0","0","0","0","11"
"201","ItsmeRivera","@MarjorieSavanah mag ingat kayo.. Ayaw tumigil ng ulan. Bahang baha naba dian?",,,"0","0","0","tl","O","0","0","0","0","0","0","0","0","0","0","0","0","0","15"
"196","khxlyeah","@mymanestream di ba baha jan sainyo? ingat ka btw hhehehe",,,"0","0","0","in","O","0","0","0","0","0","0","0","0","0","0","0","0","0","11"
"837","kattett","@onecainta @sb_onecainta Doctor San Juan street Brgy. San Juan #MarioPH #FloodPH http://t.co/ge5zJitiM0",,,"1","0","0","tl","O","0","0","0","0","0","0","0","0","0","0","0","0","0","13"
"1092","vncntmln","@samdrml_ hahaha meron noh gago ang lalim ng baha dto tae na basang basa ko putek","14.605545","121.107535","0","0","0","tl","O","0","0","0","0","0","0","0","0","0","0","0","0","0","16"
"963","karrybautista","@SulliChelle haha hanggang saan na baha jan? Hanggang tuhod na samin di rin nakalabas -.-",,,"0","0","0","tl","O","0","0","0","0","0","0","0","0","0","0","0","0","0","16"
"817","jpas0492","Alang tigil alarm ng marikina. Level3 #MarikinaRiver #FloodPH","14.610483","121.079343","1","0","0","tl","O","0","0","0","0","0","0","0","0","0","0","0","0","0","9"
"204","HaruLi01","Baha alert! http://t.co/Xr4w5HqHxq",,,"0","1","0","tr","O","0","0","0","0","0","0","0","0","0","0","0","0","0","4"
"980","BlaiseRayneWP","Baha na rin samin",,,"0","0","0","tl","O","0","0","0","0","0","0","0","0","0","0","0","0","0","4"
"200","nowimfree07","@gvrlyc @vncmagtubo mga pare baha daw sa valenzuela? Ingat kayo dyan. Godbless",,,"0","0","0","tl","O","0","0","0","0","0","0","0","0","0","0","0","0","0","14"
"978","BautistAngelica","@izzaoz Huhu kahit jollibee na mismong tabi di ako makapunta baha dun pati sidewalk huhu","14.603039","120.985575","0","0","0","tl","O","0","0","0","0","0","0","0","0","0","0","0","0","0","15"
"809","ilike_rupert","@meralco anu na? Bat walang kuryente aa pque???! #NoPower #NoPower #MarioPH #Meralco #MeralcoPls",,,"1","0","0","tl","O","0","0","0","0","0","0","0","0","0","0","0","0","0","15"
"893","Angeebellissima","@MMDA @MMDA Anong po ibang way to EDSA from Buendia? Malalim kasi baha sa Buendia Washington, may alternative route pa po ba? #mmda",,,"1","0","0","tl","O","0","0","0","0","0","0","0","0","0","0","0","0","0","26"
"195","kimashertotzz","@Rizzah22 @SGforlyf @gingging14 @rosary_joy @ces_rose24 @ilabsarahgee ahh dito baha baha po. Ingat po ate.","14.617252","121.048322","0","0","0","tl","O","0","0","0","0","0","0","0","0","0","0","0","0","0","16"
"1086","DamnItsMiseya","Bahang baha paren",,,"0","0","0","tl","O","0","0","0","0","0","0","0","0","0","0","0","0","0","3"
"866","jaspiedad","Bonding time muna with my pamangkins sa bahay nila dahil nga baha sa labas..",,,"0","0","0","tl","O","0","0","0","0","0","0","0","0","0","0","0","0","0","15"
"1038","faithmonta","Bumaba na ung baha",,,"0","0","0","tl","O","0","0","0","0","0","0","0","0","0","0","0","0","0","4"
"320","atomdatcom","Overheard: Pinaglalaruan natin si Mario dati, ngayon pinaglalaruan na nya tayo. - Phil #MarioPH #FloodPH",,,"1","0","0","tl","O","0","0","0","0","0","0","0","1","0","0","0","0","0","18"
"857","ChezkaaaMariee","RT @TheUSTF: Hindi pa rin humuhupa yung ulan at baha. Tulad ng feelings ko sayo. #HugotSaTagUlan",,,"1","0","1","tl","O","0","0","0","0","0","0","0","0","0","0","0","0","0","19"
"993","amkoleyn","RT @TheUSTF: Hindi pa rin humuhupa yung ulan at baha. Tulad ng feelings ko sayo. #HugotSaTagUlan",,,"1","0","1","tl","O","0","0","0","0","0","0","0","0","0","0","0","0","0","19"
"1047","domzsalvador","RT @TheUSTF: Hindi pa rin humuhupa yung ulan at baha. Tulad ng feelings ko sayo. #HugotSaTagUlan",,,"1","0","1","tl","O","0","0","0","0","0","0","0","0","0","0","0","0","0","19"
"1105","chellsinderella","RT @TheUSTF: Hindi pa rin humuhupa yung ulan at baha. Tulad ng feelings ko sayo. #HugotSaTagUlan",,,"1","0","1","tl","O","0","0","0","0","0","0","0","0","0","0","0","0","0","19"
"1142","SureShot1Trey","RT @TheUSTF: Hindi pa rin humuhupa yung ulan at baha. Tulad ng feelings ko sayo. #HugotSaTagUlan",,,"1","0","1","tl","O","0","0","0","0","0","0","0","0","0","0","0","0","0","19"
"9","Iam_rjb05","Wala kuryeryente saamin (-_-) #NoPower Ã?Â¢Ã¢â??Â¬Ã¢â?¬ï?? at Mambalon Mahabang Parang Binangonan Rizal http://t.co/DUHTtrneH0",,,"1","1","0","tl","O","0","0","0","0","0","0","0","0","0","0","0","0","0","13"
