TweetID,User,Tweet,Category,LocationInTweet,ObjectName,ObjectDetail,VictimName
1001,marrialigaya,"""@ANCALERTS: NDRRMC: 3 dead due to #RubyPH"" tsk",CD,,dead,3,
1002,IGMOlayvar,"""@DZMMTeleRadyo: Bubong at kisame ng Tacloban Airport, sinira ni #RubyPH http://t.co/FZHADakW9X http://t.co/0u0ziXbw9e"" grabe",CD,Tacloban Airport,"buong, kisame",sinira,
1003,blujay_chabby,"""@gmanews: #RubyPH update mula sa press briefing ng DILG: Walang naitalang casualty sa Leyte."" Good to hear. Sana sa ibang lugar din :)",CD,Leyte,,,
1004,MerryEdear,"""@gmanews: #RubyPH update mula sa press briefing ng DILG: Walang naitalang casualty sa Leyte."" Thank you Lord! :)",CD,Leyte,,,
1005,MarkGascon1,"""@gmanews: Bagsak na ang linya ng komunikasyon sa mga bayan sa Northeastern Samar. #RubyPH | via @PeeweeHero @dzbb""",CD,Northeastern Samar,linya ng komunikasyon,bagsak,
1006,meecatok,"""@gmanews: Bagsak na ang linya ng komunikasyon sa mga bayan sa Northeastern Samar. #RubyPH | via @PeeweeHero @dzbb""",CD,Northeastern Samar,linya ng komunikasyon,bagsak,
1007,IamTheLawler,"""@gmanews: Bagsak na ang linya ng komunikasyon sa mga bayan sa Northeastern Samar. #RubyPH | via @PeeweeHero @dzbb"" keep safe everyone",CD,Northeastern Samar,linya ng komunikasyon,bagsak,
1008,ariescaringal,"RT @gmanews: ROMBLON ÃƒÂ¢Ã¢â€šÂ¬Ã¢â‚¬ï† As of 2:30PM, 30,689 na ang total evacuees sa buong probinsya, ayon sa PSWD. #RubyPH via @akosiJaysent",CD,ROMBLON,evacuees,"30,689",
1009,JholimaGlory,"RT @gmanews: ROMBLON ÃƒÂ¢Ã¢â€šÂ¬Ã¢â‚¬ï† As of 2:30PM, 30,689 na ang total evacuees sa buong probinsya, ayon sa PSWD. #RubyPH via @akosiJaysent",CD,ROMBLON,evacuees,"30,689",
1010,chingbee1,"RT @gmanews: ROMBLON ÃƒÂ¢Ã¢â€šÂ¬Ã¢â‚¬ï† As of 2:30PM, 30,689 na ang total evacuees sa buong probinsya, ayon sa PSWD. #RubyPH via @akosiJaysent",CD,ROMBLON,evacuees,"30,689",
1011,christheene18,"RT @gmanews: ROMBLON ÃƒÂ¢Ã¢â€šÂ¬Ã¢â‚¬ï† As of 2:30PM, 30,689 na ang total evacuees sa buong probinsya, ayon sa PSWD. #RubyPH via @akosiJaysent",CD,ROMBLON,evacuees,"30,689",
1012,KeniticChoy,"RT @gmanews: ROMBLON ÃƒÂ¢Ã¢â€šÂ¬Ã¢â‚¬ï† As of 2:30PM, 30,689 na ang total evacuees sa buong probinsya, ayon sa PSWD. #RubyPH via @akosiJaysent",CD,ROMBLON,evacuees,"30,689",
1013,khimfampo_23,"RT @gmanews: ROMBLON ÃƒÂ¢Ã¢â€šÂ¬Ã¢â‚¬ï† As of 2:30PM, 30,689 na ang total evacuees sa buong probinsya, ayon sa PSWD. #RubyPH via @akosiJaysent",CD,ROMBLON,evacuees,"30,689",
1014,CyeFruelda,"RT @gmanews: ROMBLON ÃƒÂ¢Ã¢â€šÂ¬Ã¢â‚¬ï† As of 2:30PM, 30,689 na ang total evacuees sa buong probinsya, ayon sa PSWD. #RubyPH via @akosiJaysent",CD,ROMBLON,evacuees,"30,689",
1024,heephrodisiac,"RT @gmanews: VIDEO: Bagyong #RubyPH, nagdulot ng malawak na pinsala sa Catbalogan, Samar http://t.co/DfA9ZNhkhL http://t.co/hUOpTVTm2S",CD,"Catbalogan, Samar",,malawak na pinsala,
1025,cassiebabyleigh,"RT @gmanews: VIDEO: Bagyong #RubyPH, nagdulot ng malawak na pinsala sa Catbalogan, Samar http://t.co/DfA9ZNhkhL http://t.co/hUOpTVTm2S",CD,"Catbalogan, Samar",,malawak na pinsala,
1026,PurpleMonik,"RT @gmanews: VIDEO: Bagyong #RubyPH, nagdulot ng malawak na pinsala sa Catbalogan, Samar http://t.co/DfA9ZNhkhL http://t.co/hUOpTVTm2S",CD,"Catbalogan, Samar",,malawak na pinsala,
1027,KhryssMalen30,"RT @gmanews: VIDEO: Bagyong #RubyPH, nagdulot ng malawak na pinsala sa Catbalogan, Samar http://t.co/DfA9ZNhkhL http://t.co/hUOpTVTm2S",CD,"Catbalogan, Samar",,malawak na pinsala,
1028,Aeonflus,"RT @gmanews: VIDEO: Bagyong #RubyPH, nagdulot ng malawak na pinsala sa Catbalogan, Samar http://t.co/DfA9ZNhkhL http://t.co/hUOpTVTm2S",CD,"Catbalogan, Samar",,malawak na pinsala,
1029,RubyPHNews1,"RT @gmanews: VIDEO: Bagyong #RubyPH, nagdulot ng malawak na pinsala sa Catbalogan, Samar http://t.co/DfA9ZNhkhL http://t.co/hUOpTVTm2S",CD,"Catbalogan, Samar",,malawak na pinsala,
1030,clarissemado,"RT @gmanews: VIDEO: Bagyong #RubyPH, nagdulot ng malawak na pinsala sa Catbalogan, Samar http://t.co/DfA9ZNhkhL http://t.co/hUOpTVTm2S",CD,"Catbalogan, Samar",,malawak na pinsala,
1031,glennpooot,"RT @gmanews: VIDEO: Bagyong #RubyPH, nagdulot ng malawak na pinsala sa Catbalogan, Samar http://t.co/DfA9ZNhkhL http://t.co/hUOpTVTm2S",CD,"Catbalogan, Samar",,malawak na pinsala,
1032,AnitaKapoor,"RT @gmanews: VIDEO: Bagyong #RubyPH, nagdulot ng malawak na pinsala sa Catbalogan, Samar http://t.co/DfA9ZNhkhL http://t.co/hUOpTVTm2S",CD,"Catbalogan, Samar",,malawak na pinsala,
1033,TUPManila_USG,"RT @gmanews: VIDEO: Bagyong #RubyPH, nagdulot ng malawak na pinsala sa Catbalogan, Samar http://t.co/DfA9ZNhkhL http://t.co/hUOpTVTm2S",CD,"Catbalogan, Samar",,malawak na pinsala,
1034,ellemorre,"RT @gmanews: VIDEO: Bagyong #RubyPH, nagdulot ng malawak na pinsala sa Catbalogan, Samar http://t.co/DfA9ZNhkhL http://t.co/hUOpTVTm2S",CD,"Catbalogan, Samar",,malawak na pinsala,
1035,Liizziiiiieeee,"RT @gmanews: VIDEO: Bagyong #RubyPH, nagdulot ng malawak na pinsala sa Catbalogan, Samar http://t.co/DfA9ZNhkhL http://t.co/hUOpTVTm2S",CD,"Catbalogan, Samar",,malawak na pinsala,
1036,Terri_estupendo,"RT @gmanews: VIDEO: Bagyong #RubyPH, nagdulot ng malawak na pinsala sa Catbalogan, Samar http://t.co/DfA9ZNhkhL http://t.co/hUOpTVTm2S",CD,"Catbalogan, Samar",,malawak na pinsala,
1037,KeniticChoy,"RT @gmanews: VIDEO: Bagyong #RubyPH, nagdulot ng malawak na pinsala sa Catbalogan, Samar http://t.co/DfA9ZNhkhL http://t.co/hUOpTVTm2S",CD,"Catbalogan, Samar",,malawak na pinsala,
1038,jstnmrfl,"RT @gmanews: VIDEO: Bagyong #RubyPH, nagdulot ng malawak na pinsala sa Catbalogan, Samar http://t.co/DfA9ZNhkhL http://t.co/hUOpTVTm2S",CD,"Catbalogan, Samar",,malawak na pinsala,
1039,jayveellage,"RT @gmanews: VIDEO: Baha at mga pinsala sa imprastraktura, iniwan ng Bagyong #RubyPH http://t.co/lv9AkEYIev http://t.co/tpSDNXnrIV",CD,,imprastraktura,pinsala,
1040,sexymhel,"RT @gmanews: VIDEO: Baha at mga pinsala sa imprastraktura, iniwan ng Bagyong #RubyPH http://t.co/lv9AkEYIev http://t.co/tpSDNXnrIV",CD,,imprastraktura,pinsala,
1041,sotto_fiona,"RT @gmanews: VIDEO: Baha at mga pinsala sa imprastraktura, iniwan ng Bagyong #RubyPH http://t.co/lv9AkEYIev http://t.co/tpSDNXnrIV",CD,,imprastraktura,pinsala,
1042,akosidarkcloud,"RT @gmanews: VIDEO: Baha at mga pinsala sa imprastraktura, iniwan ng Bagyong #RubyPH http://t.co/lv9AkEYIev http://t.co/tpSDNXnrIV",CD,,imprastraktura,pinsala,
1043,jahstinesurio,"RT @gmanews: VIDEO: Baha at mga pinsala sa imprastraktura, iniwan ng Bagyong #RubyPH http://t.co/lv9AkEYIev http://t.co/tpSDNXnrIV",CD,,imprastraktura,pinsala,
1044,itsmeMayetteXD,"RT @gmanews: VIDEO: Baha at mga pinsala sa imprastraktura, iniwan ng Bagyong #RubyPH http://t.co/lv9AkEYIev http://t.co/tpSDNXnrIV",CD,,imprastraktura,pinsala,
1045,KeniticChoy,"RT @gmanews: VIDEO: Baha at mga pinsala sa imprastraktura, iniwan ng Bagyong #RubyPH http://t.co/lv9AkEYIev http://t.co/tpSDNXnrIV",CD,,imprastraktura,pinsala,
1046,francismagsajo,"RT @gmanews: VIDEO: Dalawa, nasawi sa pananalasa ng Bagyong #RubyPH sa Dolores, Eastern Samar http://t.co/Cb0YyL8BdL http://t.co/uw0ITm5npt",CD,"Dolores, Eastern Samar",nasawi,dalawa,
1047,RubyPHNews1,"RT @gmanews: VIDEO: Dalawa, nasawi sa pananalasa ng Bagyong #RubyPH sa Dolores, Eastern Samar http://t.co/Cb0YyL8BdL http://t.co/uw0ITm5npt",CD,"Dolores, Eastern Samar",nasawi,dalawa,
1048,violetagloria,"RT @gmanews: VIDEO: Dalawa, nasawi sa pananalasa ng Bagyong #RubyPH sa Dolores, Eastern Samar http://t.co/Cb0YyL8BdL http://t.co/uw0ITm5npt",CD,"Dolores, Eastern Samar",nasawi,dalawa,
1049,mawexduque,"RT @gmanews: VIDEO: Dalawa, nasawi sa pananalasa ng Bagyong #RubyPH sa Dolores, Eastern Samar http://t.co/Cb0YyL8BdL http://t.co/uw0ITm5npt",CD,"Dolores, Eastern Samar",nasawi,dalawa,
1050,ljr_leigh,"RT @gmanews: VIDEO: Dalawa, nasawi sa pananalasa ng Bagyong #RubyPH sa Dolores, Eastern Samar http://t.co/Cb0YyL8BdL http://t.co/uw0ITm5npt",CD,"Dolores, Eastern Samar",nasawi,dalawa,
1051,vinnmartin,"RT @gmanews: VIDEO: Dalawa, nasawi sa pananalasa ng Bagyong #RubyPH sa Dolores, Eastern Samar http://t.co/Cb0YyL8BdL http://t.co/uw0ITm5npt",CD,"Dolores, Eastern Samar",nasawi,dalawa,
1052,alrenjerome,"RT @gmanews: VIDEO: Dalawa, nasawi sa pananalasa ng Bagyong #RubyPH sa Dolores, Eastern Samar http://t.co/Cb0YyL8BdL http://t.co/uw0ITm5npt",CD,"Dolores, Eastern Samar",nasawi,dalawa,
1053,lalaculala,"RT @gmanews: VIDEO: Dalawa, nasawi sa pananalasa ng Bagyong #RubyPH sa Dolores, Eastern Samar http://t.co/Cb0YyL8BdL http://t.co/uw0ITm5npt",CD,"Dolores, Eastern Samar",nasawi,dalawa,
1054,bebebombia_5sex,"RT @gmanews: VIDEO: Dalawa, nasawi sa pananalasa ng Bagyong #RubyPH sa Dolores, Eastern Samar http://t.co/Cb0YyL8BdL http://t.co/uw0ITm5npt",CD,"Dolores, Eastern Samar",nasawi,dalawa,
1055,haze_gear,"RT @gmanews: VIDEO: Dalawa, nasawi sa pananalasa ng Bagyong #RubyPH sa Dolores, Eastern Samar http://t.co/Cb0YyL8BdL http://t.co/uw0ITm5npt",CD,"Dolores, Eastern Samar",nasawi,dalawa,
1056,erwinmoon,"RT @gmanews: VIDEO: Dalawa, nasawi sa pananalasa ng Bagyong #RubyPH sa Dolores, Eastern Samar http://t.co/Cb0YyL8BdL http://t.co/uw0ITm5npt",CD,"Dolores, Eastern Samar",nasawi,dalawa,
1057,KimVianca,"RT @gmanews: VIDEO: Dalawa, nasawi sa pananalasa ng Bagyong #RubyPH sa Dolores, Eastern Samar http://t.co/Cb0YyL8BdL http://t.co/uw0ITm5npt",CD,"Dolores, Eastern Samar",nasawi,dalawa,
1058,yanxq,"RT @gmanews: VIDEO: Dalawa, nasawi sa pananalasa ng Bagyong #RubyPH sa Dolores, Eastern Samar http://t.co/Cb0YyL8BdL http://t.co/uw0ITm5npt",CD,"Dolores, Eastern Samar",nasawi,dalawa,
1059,KeniticChoy,"RT @gmanews: VIDEO: Dalawa, nasawi sa pananalasa ng Bagyong #RubyPH sa Dolores, Eastern Samar http://t.co/Cb0YyL8BdL http://t.co/uw0ITm5npt",CD,"Dolores, Eastern Samar",nasawi,dalawa,
1060,cyrllbgl,"RT @gmanews: VIDEO: Dalawa, nasawi sa pananalasa ng Bagyong #RubyPH sa Dolores, Eastern Samar http://t.co/Cb0YyL8BdL http://t.co/uw0ITm5npt",CD,"Dolores, Eastern Samar",nasawi,dalawa,
1061,GeraldineBerdan,"RT @gmanews: VIDEO: Dalawa, nasawi sa pananalasa ng Bagyong #RubyPH sa Dolores, Eastern Samar http://t.co/Cb0YyL8BdL http://t.co/uw0ITm5npt",CD,"Dolores, Eastern Samar",nasawi,dalawa,
1062,JennyRockwell,"RT @gmanews: VIDEO: Mahigit 200,000 residente, lumikas sa Sorsogon dahil sa Bagyong #RubyPH http://t.co/1SPOOw4WVF http://t.co/XJerjp7yWk",CD,Sorsogon,residente,"200,000, lumikas",
1063,erwinmoon,"RT @gmanews: VIDEO: Mahigit 200,000 residente, lumikas sa Sorsogon dahil sa Bagyong #RubyPH http://t.co/LrGpUfA9zZ http://t.co/hdrBnLajUj",CD,Sorsogon,residente,"200,000, lumikas",
1064,swifTaylor27,"RT @gmanews: VIDEO: Mahigit 200,000 residente, lumikas sa Sorsogon dahil sa Bagyong #RubyPH http://t.co/LrGpUfA9zZ http://t.co/hdrBnLajUj",CD,Sorsogon,residente,"200,000, lumikas",
1065,yujidetorres,"RT @gmanews: VIDEO: Mahigit 200,000 residente, lumikas sa Sorsogon dahil sa Bagyong #RubyPH http://t.co/LrGpUfA9zZ http://t.co/hdrBnLajUj",CD,Sorsogon,residente,"200,000, lumikas",
1066,indayevarona,"RT @gmanews: VIDEO: Mahigit 200,000 residente, lumikas sa Sorsogon dahil sa Bagyong #RubyPH http://t.co/LrGpUfA9zZ http://t.co/hdrBnLajUj",CD,Sorsogon,residente,"200,000, lumikas",
1067,sarca_sam,"RT @gmanews: VIDEO: Mahigit 200,000 residente, lumikas sa Sorsogon dahil sa Bagyong #RubyPH http://t.co/LrGpUfA9zZ http://t.co/hdrBnLajUj",CD,Sorsogon,residente,"200,000, lumikas",
1068,haze_gear,"RT @gmanews: VIDEO: Mahigit 200,000 residente, lumikas sa Sorsogon dahil sa Bagyong #RubyPH http://t.co/LrGpUfA9zZ http://t.co/hdrBnLajUj",CD,Sorsogon,residente,"200,000, lumikas",
1069,MhegMm,"RT @gmanews: VIDEO: Mahigit 200,000 residente, lumikas sa Sorsogon dahil sa Bagyong #RubyPH http://t.co/LrGpUfA9zZ http://t.co/hdrBnLajUj",CD,Sorsogon,residente,"200,000, lumikas",
1070,KeniticChoy,"RT @gmanews: VIDEO: Mahigit 200,000 residente, lumikas sa Sorsogon dahil sa Bagyong #RubyPH http://t.co/LrGpUfA9zZ http://t.co/hdrBnLajUj",CD,Sorsogon,residente,"200,000, lumikas",
1071,jay_divina,"RT @gmanews: VIDEO: Mahigit 200,000 residente, lumikas sa Sorsogon dahil sa Bagyong #RubyPH http://t.co/LrGpUfA9zZ http://t.co/hdrBnLajUj",CD,Sorsogon,residente,"200,000, lumikas",
1072,intelcoregeous,"RT @gmanews: VIDEO: Mahigit 200,000 residente, lumikas sa Sorsogon dahil sa Bagyong #RubyPH http://t.co/LrGpUfA9zZ http://t.co/hdrBnLajUj",CD,Sorsogon,residente,"200,000, lumikas",
1073,StevenBaldesco,"RT @IMReadyPH: As of 6:00am, walang naitalang casualty sa Catbalogan City,Samar- ayon kay Mayor Stephanie Uy-Tan. #RubyPH | via @dzbb",CD,"Catbalogan City, Samar",,,
1074,JosephDatalio,"RT @IMReadyPH: As of 6:00am, walang naitalang casualty sa Catbalogan City,Samar- ayon kay Mayor Stephanie Uy-Tan. #RubyPH | via @dzbb",CD,"Catbalogan City, Samar",,,
1075,gmakf,"RT @IMReadyPH: As of 6:00am, walang naitalang casualty sa Catbalogan City,Samar- ayon kay Mayor Stephanie Uy-Tan. #RubyPH | via @dzbb",CD,"Catbalogan City, Samar",,,
1076,YouScoop,"RT @IMReadyPH: As of 6:00am, walang naitalang casualty sa Catbalogan City,Samar- ayon kay Mayor Stephanie Uy-Tan. #RubyPH | via @dzbb",CD,"Catbalogan City, Samar",,,
1077,thecrazyCzar,"RT @itsbeben11: ""Electric post downed by strong winds in Abucay, Tacloban. #RubyPH (Photo via Zhander Cayabyab) via @ANCALERTS"" NKKLK http:ÃƒÂ¢Ã¢â€šÂ¬Ã‚Â¦",CD,"Abucay, Tacloban",electric post,downed by strong winds,
1078,CHRISpylisyus,"RT @itsbeben11: ""Electric post downed by strong winds in Abucay, Tacloban. #RubyPH (Photo via Zhander Cayabyab) via @ANCALERTS"" NKKLK http:ÃƒÂ¢Ã¢â€šÂ¬Ã‚Â¦",CD,"Abucay, Tacloban",electric post,downed by strong winds,
1079,earvin55,"RT @itsbeben11: ""Electric post downed by strong winds in Abucay, Tacloban. #RubyPH (Photo via Zhander Cayabyab) via @ANCALERTS"" NKKLK http:ÃƒÂ¢Ã¢â€šÂ¬Ã‚Â¦",CD,"Abucay, Tacloban",electric post,downed by strong winds,
1080,AKAsleepyhead,"RT @itsbeben11: ""Electric post downed by strong winds in Abucay, Tacloban. #RubyPH (Photo via Zhander Cayabyab) via @ANCALERTS"" NKKLK http:ÃƒÂ¢Ã¢â€šÂ¬Ã‚Â¦",CD,"Abucay, Tacloban",electric post,downed by strong winds,
1081,imDianavalencia,"RT @News5AKSYON: #AksyonSaHagupit: 10 bahay sa dalampasigan ng Albay, tinangay ng malakas na alon #RubyPH | Ulat ni @edlingao",CD,Albay,bahay,"10, tinangay ng malakas na alon",
1082,mjmarfori,"RT @News5AKSYON: #AksyonSaHagupit: 10 bahay sa dalampasigan ng Albay, tinangay ng malakas na alon #RubyPH | Ulat ni @edlingao",CD,Albay,bahay,"10, tinangay ng malakas na alon",
1083,TechDebit,"RT @News5AKSYON: #AksyonSaHagupit: 10 bahay sa dalampasigan ng Albay, tinangay ng malakas na alon #RubyPH | Ulat ni @edlingao",CD,Albay,bahay,"10, tinangay ng malakas na alon",
1084,jozelleanne,"RT @News5AKSYON: #AksyonSaHagupit: Gov. Sharee Ann Tan: Higit 28,000 pamilya ang inilikas dahil sa Bagyong #RubyPH",CD,,pamilya,"28,000, inilikas",
1085,mskeinajane,"RT @News5AKSYON: #AksyonSaHagupit: Gov. Sharee Ann Tan: Higit 28,000 pamilya ang inilikas dahil sa Bagyong #RubyPH",CD,,pamilya,"28,000, inilikas",
1086,mylsvalenciaTV5,"RT @News5AKSYON: #AksyonSaHagupit: Gov. Sharee Ann Tan: Higit 28,000 pamilya ang inilikas dahil sa Bagyong #RubyPH",CD,,pamilya,"28,000, inilikas",
1087,mechelleflorita,"RT @News5AKSYON: ROMBLON: As of 2:30PM, umabot na sa 9,584 pamilya o 30,689 katao na ang inilikas sa mga evacuation center. #RubyPH | via @ÃƒÂ¢Ã¢â€šÂ¬Ã‚Â¦",CD,Romblon,"pamilya, katao","9,584; 30,689; inilikas",
1088,imamilatencio,"RT @News5AKSYON: ROMBLON: As of 2:30PM, umabot na sa 9,584 pamilya o 30,689 katao na ang inilikas sa mga evacuation center. #RubyPH | via @ÃƒÂ¢Ã¢â€šÂ¬Ã‚Â¦",CD,Romblon,"pamilya, katao","9,584; 30,689; inilikas",
1089,iamPxMx,"RT @News5AKSYON: ROMBLON: As of 2:30PM, umabot na sa 9,584 pamilya o 30,689 katao na ang inilikas sa mga evacuation center. #RubyPH | via @ÃƒÂ¢Ã¢â€šÂ¬Ã‚Â¦",CD,Romblon,"pamilya, katao","9,584; 30,689; inilikas",
1090,B13Del,"RT @sunstarcebu: .@dsm_sunstar: #RubyPH topples electrical post in Barangay Talisay, Daanbantayan, #Cebu http://t.co/5BOBcnZYSE",CD,"Barangay Talisay, Daanbantayan, Cebu",electrical post,topples,
1091,rairosell,"RT @sunstarcebu: .@dsm_sunstar: #RubyPH topples electrical post in Barangay Talisay, Daanbantayan, #Cebu http://t.co/5BOBcnZYSE",CD,"Barangay Talisay, Daanbantayan, Cebu",electrical post,topples,
1092,mikelimpag,"RT @sunstarcebu: .@dsm_sunstar: #RubyPH topples electrical post in Barangay Talisay, Daanbantayan, #Cebu http://t.co/5BOBcnZYSE",CD,"Barangay Talisay, Daanbantayan, Cebu",electrical post,topples,
1093,yentot6788,"RT @sunstarcebu: .@dsm_sunstar: #RubyPH topples electrical post in Barangay Talisay, Daanbantayan, #Cebu http://t.co/5BOBcnZYSE",CD,"Barangay Talisay, Daanbantayan, Cebu",electrical post,topples,
1098,zhandercayabyab,Maging mga malalaking kainan sa Tacloban ay maagang isinara at tinakpan ng plywood @DZMMTeleRadyo #RubyPH http://t.co/P7zaGBgruV,CD,Tacloban,malalaking kainan,maagang sinara; tinakpan ng plywood,
1099,Gu4rdian4ngelo,"RT @DZMMTeleRadyo: PHOTO: Mga establisimyento sa Tacloban, pinapakuan ng plywood kontra baha at alon #RubyPH http://t.co/kAsVyyCCjD | via @ÃƒÂ¢Ã¢â€šÂ¬Ã‚Â¦",CD,Tacloaban,establisimyento,pinapakuan ng plywood kontra baha at alon,
1100,NonVitalTooth,"RT @zhandercayabyab: Mga establisimyento sa Tacloban, pinapakuan ng plywood para di pasukin ng baha at alon @DZMMTeleRadyo #RubyPH http://tÃƒÂ¢Ã¢â€šÂ¬Ã‚Â¦",CD,Tacloaban,establisimyento,pinapakuan ng plywood kontra baha at alon,
1101,NonVitalTooth,"RT @zhandercayabyab: Mga establisimyento sa Tacloban, pinapakuan ng plywood para di pasukin ng baha at alon @DZMMTeleRadyo #RubyPH http://tÃƒÂ¢Ã¢â€šÂ¬Ã‚Â¦",CD,Tacloaban,establisimyento,pinapakuan ng plywood kontra baha at alon,
1105,SpeakLlauder,"""@ABSCBNNews: Tacloban Mayor Romualdez: Sa ngayon, wala pa kaming report ng casualty #RubyPH | via @DZMMTeleRadyo"" No casualties lng, Lord",CD,Tacloban,,,
1106,marrialigaya,"""@ANCALERTS: NDRRMC: 3 dead due to #RubyPH"" tsk",CD,,dead,3,
1107,CaineLian,"""@dzbb : As of 6:00am, walang naitalang casualty sa Catbalogan City,Samar- ayon kay Mayor Stephanie Uy-Tan. #RubyPH"" THANK GOD!",CD,"Catbalogan City, Samar",,,
1108,gamuederrrrs,"""@DZMMTeleRadyo: 12 barangay sa Laguna, lubog pa rin sa baha #RubyPH http://t.co/VbeZe7Ksld http://t.co/mAQ2hs5YmZ"" suspend na this",CD,Laguna,barangay,12; lubog sa baha,
1109,roweecathRPh,"""@DZMMTeleRadyo: 27 patay sa bagsik ni #RubyPH sa Eastern Samar - Red Cross http://t.co/AAxPIbfqQd http://t.co/tnTVxXWf7H""",CD,Eastern Samar,patay,27,
1110,VAMboyyy,"""@DZMMTeleRadyo: BATANGAS | Wala pang napaulat na nasaktan dahil sa bagyo #RubyPH (ulat ni @arnellozaeta)""",CD,Batangas,,,
1111,Boy_Kulit,"""@DZMMTeleRadyo: BATANGAS | Wala pang napaulat na nasaktan dahil sa bagyo #RubyPH (ulat ni @arnellozaeta)"" may bagyo ba?",CD,Batangas,,,
1112,puchepuch,"""@DZMMTeleRadyo: BATANGAS | Wala pang napaulat na nasaktan dahil sa bagyo #RubyPH (ulat ni @arnellozaeta)"" SALAMAT PO SAFE LAHAT",CD,Batangas,,,
1116,IGMOlayvar,"""@DZMMTeleRadyo: Bubong at kisame ng Tacloban Airport, sinira ni #RubyPH http://t.co/FZHADakW9X http://t.co/0u0ziXbw9e"" grabe",CD,Tacloban Airport,bubong; kisame,sinira,
1118,iamyourdarling,"""@DZMMTeleRadyo: Poste ng kuryente, bumagsak sa ilang bahay sa Brgy. Pawing, Tacloban #RubyPH http://t.co/hJbqYkpGR3 | via @zhandercayabyab""",CD,"Brgy. Pawig, Tacloban",poste ng kuryente,bumagsak sa ilang bahay,
1120,blujay_chabby,"""@gmanews: #RubyPH update mula sa press briefing ng DILG: Walang naitalang casualty sa Leyte."" Good to hear. Sana sa ibang lugar din :)",CD,Leyte,,,
1121,MerryEdear,"""@gmanews: #RubyPH update mula sa press briefing ng DILG: Walang naitalang casualty sa Leyte."" Thank you Lord! :)",CD,Leyte,,,
1122,jeanomarcayda,"""@gmanews: ALBAY-Hilera ng mga poste ng kuryente, natumba matapos ang malakas na hangin sa Camalig. #RubyPH"" wtf.Brownout apocalypse na itu.",CD,"Camalig, Albay",hilera ng mga poste ng kuryente,natumba,
1123,MarkGascon1,"""@gmanews: Bagsak na ang linya ng komunikasyon sa mga bayan sa Northeastern Samar. #RubyPH | via @PeeweeHero @dzbb""",CD,Northeastern Samar,linya ng komunikasyon,bagsak,
1124,IamTheLawler,"""@gmanews: Bagsak na ang linya ng komunikasyon sa mga bayan sa Northeastern Samar. #RubyPH | via @PeeweeHero @dzbb"" keep safe everyone",CD,Northeastern Samar,linya ng komunikasyon,bagsak,
1125,donnavells,"""@gmanews: DOLORES, EASTERN SAMAR - Bagsak na ang linya ng komunikasyon | #RubyPH update via @PeeweeHero""",CD,"Dolores, Eastern Samar",linya ng komunikasyon,bagsak,
1126,alexatine24,"""@gmanews: DOLORES, EASTERN SAMAR - Bagsak na ang linya ng komunikasyon | #RubyPH update via @PeeweeHero""",CD,"Dolores, Eastern Samar",linya ng komunikasyon,bagsak,
1129,WalaPongKapaRiZ,"""@gmanews: ROMBLON ÃƒÂ¢Ã¢â€šÂ¬Ã¢â‚¬ï† Mga puno, nagsitumbahan sa Romblon matapos hagupitin ni #RubyPH. | via @akosiJaysent http://t.co/qPGhTLPOpo"" Romblon :(",CD,Romblon,mga puno,nagsitumbahan,
1130,Aybilibers,"""@gmanews: ROMBLON ÃƒÂ¢Ã¢â€šÂ¬Ã¢â‚¬ï† Mga puno, nagsitumbahan sa Romblon matapos hagupitin ni #RubyPH. | via @akosiJaysent http://t.co/QWQfp34fAm""",CD,Romblon,mga puno,nagsitumbahan,
1131,DivineStellar,"""@gmanews: SORSOGON ÃƒÂ¢Ã¢â€šÂ¬Ã¢â‚¬ï† Lubog sa baha ang highway sa bayan ng Rizal. | #RubyPH via @allangatus @dzbb""",CD,"Sorsogon, Rizal",highway,lubog sa baha,
1132,nicxielicious,"""@gmanews: SORSOGON ÃƒÂ¢Ã¢â€šÂ¬Ã¢â‚¬ï† Lubog sa baha ang highway sa bayan ng Rizal. | #RubyPH via @allangatus @dzbb""",CD,"Sorsogon, Rizal",highway,lubog sa baha,
1133,DivineStellar,"""@gmanews: VIDEO: Zero casualty, naitala sa Albay sa paghagupit ng Bagyong #RubyPH http://t.co/Nmqmj8MMjB http://t.co/6koDnLGxRn""",CD,Albay,,,
1138,iamrinylmatugas,"""@sv_simplevie: #RESCUEPH yan po kuha s looc culaba biliran, winasak ni bagyong #RubyPH http://t.co/SOfkKpIFzu"" @ANCALERTS @ABSCBNNews",CD,,,,
1139,LeoDoraPongan,"""@TVPatrol: #TVPatrol #RubyPH itinumba ang mga puno sa Samar; ilang bahay wasak. "" via @atomaraullo LIVE Catbalogan http://t.co/ObwazvYB7J",CD,Samar,puno; bahay,itinumba; wasak,
1140,MayleneYenny,"""@TVPatrol: PANOORIN: Ilang bahay, puno pinadapa ng #RubyPH sa Samar. http://t.co/rxS6hMZX3m | Ulat ni @atomaraullo http://t.co/KDUSHieAAI""",CD,Samar,puno; bahay,pinadapa,
1141,JhaMharie,"""@YouScoop: Pinabagsak ng Bagyong #RubyPH ang bubong ng isang gas station sa Catarman. Ulat ni YouScooper Rio Sosa http://t.co/vHTm5AqO8L""",CD,Catarman,bubong ng isang gas station,pinabagsak,
1142,itsbeben11,"""Electric post downed by strong winds in Abucay, Tacloban. #RubyPH (Photo via Zhander Cayabyab) via @ANCALERTS"" NKKLK http://t.co/R9oUfEsZsj",CD,Tacloban,electric post,downed,
1143,inquirerdotnet,"""Patay kay #RubyPH nasa 21 na"" @banderainquirer front page today. Full issue: http://t.co/DAsAo1PEio http://t.co/5uaNdmPY22",CD,,patay,21,
1144,banderainquirer,"""Patay kay #RubyPH nasa 21 na"" @banderainquirer front page today. Full issue: http://t.co/tc1KihHFw8 http://t.co/PSiZNRbWM5",CD,,patay,21,
1146,News5AKSYON,"#AksyonSaHagupit | 2 bahay nawasak dahil sa naglalakihang alon at lakas na hangin sa Brgy. Tabunan, Matnog! #RubyPH",CD,"Brgy. Tabunan, Matnog",bahay,2; nawasak ng alon at lakas ng hangin,
1148,News5AKSYON,#AksyonSaHagupit | 8 katao pa ang kumirmadong patay pero inaantay pa ng NDRRMC ang validation mula sa DOH. #RubyPH (via @AmberPGonzales),CD,,katao,8; patay,
1152,News5AKSYON,"#AksyonSaHagupit | Sa pinakahuling tala ng NDDRMC, 3 ang validated at kumpirmadong namatay sa pananalasa ni #RubyPH (via @AmberPGonzales)",CD,,patay,3,
1153,News5AKSYON,"#AksyonSaHagupit: 10 bahay sa dalampasigan ng Albay, tinangay ng malakas na alon #RubyPH | Ulat ni @edlingao",CD,Albay,bahay sa dalampasigan,10; tinangay ng malakas na alon,
1154,News5AKSYON,"#AksyonSaHagupit: Gov. Sharee Ann Tan: Higit 28,000 pamilya ang inilikas dahil sa Bagyong #RubyPH",CD,,pamilya,"28,000; inilikas",
1160,DZMMTeleRadyo,"#RadyoPatrol 20-anyos na vendor, patay sa landslide sa Puerto Galera | ulat ni Arnel Ozaeta, DZMM Correspondent #RubyPH",CD,Puerto Galera,vendor,20-anyos; patay,
1161,BalitaNgayon,"#RadyoPatrol 20-anyos na vendor, patay sa landslide sa Puerto Galera | ulat ni Arnel Ozaeta, DZMM Correspondent #RubyPH via DZMM",CD,Puerto Galera,vendor,20-anyos; patay,
1164,sv_simplevie,"#RESCUEPH yan po kuha s looc culaba biliran, winasak ni bagyong #RubyPH http://t.co/Tprgb7QB5z",CD,,,,
1165,castrojosh26,#RubyPH #VOTYNews #updates ORMOC CITY 1. #RubyPH Coverage: Mga evacuees gikan sa barangay Tambulilid gisakay sa... http://t.co/zqoHSZ2pxj,CD,,,,
1166,castrojosh26,"#RubyPH #VOTYNews #updates ORMOC CITY 1. Communication sa Isabel cut-off. Last na update: murag Yolanda, maayu... http://t.co/iZ0Ur6syfS",CD,Ormoc City,communication,cut-off,
1167,UNTVweb,"#RubyPH ÃƒÂ¢Ã¢â€šÂ¬Ã¢â‚¬ï† 2 nawawalang mangingisda sa Cambulaga, Sorsogon natagpuan na ayon sa ulat ni Sherry Ann Herrera / UNTV... http://t.co/HVVTYbSA93",CD,"Cambulaga, Sorsogon",mangingisda,nawawala; natagpuan,
1168,iamRaymondLacsa,"#RubyPH ÃƒÂ¢Ã¢â€šÂ¬Ã¢â‚¬ï† 2 nawawalang mangingisda sa Cambulaga, Sorsogon natagpuan na ayon sa ulat ni Sherry Ann Herrera / UNTV... http://t.co/lGYUxCSnrK",CD,"Cambulaga, Sorsogon",mangingisda,nawawala; natagpuan,
1169,donmoen777,"#RubyPH Casualty Count: 23 (via @philredcross) 16 -Borongan, E.Samar 1 -W.Samar 1 -Hernani, E.Samar 1 -Dolores, E.Samar @HenryRetoriano haha",CD,,,,
1172,UNTVweb,"#RubyPH PHOTO: 683 pamilya sa Quirangay, Camalig, Albay, nanatili sa evacuation center dahil sa pabugso bugsong... http://t.co/LCCamoE1Ya",CD,"Quirangay, Camalig, Albay",pamilya,683; nanatili sa evacuation center,
1173,iamRaymondLacsa,"#RubyPH PHOTO: 683 pamilya sa Quirangay, Camalig, Albay, nanatili sa evacuation center dahil sa pabugso bugsong... http://t.co/LnlHB0m0JS",CD,"Quirangay, Camalig, Albay",pamilya,683; nanatili sa evacuation center,
1174,UNTVweb,"#RubyPH PHOTO: 683 pamilya sa Quirangay, Camalig, Albay, nanatili sa evacuation center dahil sa pabugso bugsong... http://t.co/O3XDfL8ztI",CD,"Quirangay, Camalig, Albay",pamilya,683; nanatili sa evacuation center,
1181,missreyannaaa,"""@saksi: Mahigit 17,000 residente na ang sapilitang pinalikas sa Laguna dahil pa rin sa Bagyong #RubyPH. #Saksi si @cedric_castillo.""",CD,Laguna,residente,"17,000; sapilitang pinalikas",
1192,dyrirmniloilo,"#RubyPH Update List of Causalities in Iloilo Estancia, Iloilo - Ernesto Baylon, 65 years old Agbobolo, Ajuy -... http://t.co/4NtOqQMA0I",CD,Iloilo,,,
1193,dyrirmniloilo,"#RubyPH Update List of Causalities in Iloilo Estancia, Iloilo - Ernesto Baylon, 65 years old Agbobolo, Ajuy -... http://t.co/PzDodT0zBq",CD,Iloilo,,,
1194,dyrirmniloilo,"#RubyPH Update List of Causalities in Iloilo Estancia, Iloilo - Ernesto Baylon, 65 years old Agbobolo, Ajuy... http://t.co/dGBPEUuqKE",CD,Iloilo,,,
1195,Padics,"#RubyPh Update... Brgy San esteban, San Jose, flooded nabuaCS. diversion road passable to Legazpi via Nabua. @CamSurPPO @PRO5React @pnppio",CD,"Brgy. San Esteban, San Jose",,,
1196,TVPatrol,#TVPatrol #RubyPH itinumba ang mga puno sa Samar; ilang bahay wasak. Ulat ni @atomaraullo LIVE mula sa Calbayog http://t.co/ocN2K8jMLH,CD,Samar,puno; bahay,itinumba; wasak,
1197,TVPatrol,"#TVPatrol #RubyPH nanalasa sa Tacloban, ilang bahay at tent winalis ng bagyo. Ulat ni @rongagalac mula sa Tacloban http://t.co/muFIoUHaL1",CD,Tacloban,bahay; tent,winalis ng bagyo,
1198,TVPatrol,#TVPatrol Sanggol sa Iriga City patay dahil sa hypothermia sa kasagsagan ng #RubyPH,CD,Iriga City,sanggol,patay dahil sa hypothermia,
1199,hihidco,"#Typhoon #Hagupit #leaves #at #least #2 #dead: LEGAZPI, Philippines ÃƒÂ¢Ã¢â€šÂ¬Ã¢â‚¬Å“ Typhoon HagupitÃƒÂ¢Ã¢â€šÂ¬Ã‚Â¦ http://t.co/LeiTqHip50",CD,Legazpi,dead,2,
1200,IAmDaryllReyes,#TyphoonRuby #24Oras anu na po lates update dito sa province of cavite wala na pu kasing kuryente ang ibang lugar dito #RubyPH,CD,Cavite,,,
1201,BalitaNgayon,"(UPDATE) NDRRMC: Death toll sa Bagyong #RubyPH, 3 na via DZMM",CD,,dead toll,3,
1202,sunstarcebu,".@dsm_sunstar: #RubyPH topples electrical post in Barangay Talisay, Daanbantayan, #Cebu http://t.co/5BOBcnZYSE",CD,"Barangay Talisay, Daanbantayan, Cebu",electrical post,topples,
1211,RubyPHNews1,RT @gmanews: SORSOGON ÃƒÂ¢Ã¢â€šÂ¬Ã¢â‚¬ï† Lubog sa baha ang highway sa bayan ng Rizal. | #RubyPH via @allangatus @dzbb,CD,Rizal,highway,lubog sa baha,
1212,DILGkyusi,RT @gmanews: SORSOGON ÃƒÂ¢Ã¢â€šÂ¬Ã¢â‚¬ï† Lubog sa baha ang highway sa bayan ng Rizal. | #RubyPH via @allangatus @dzbb,CD,Rizal,highway,lubog sa baha,
1213,janesyther20,RT @gmanews: SORSOGON ÃƒÂ¢Ã¢â€šÂ¬Ã¢â‚¬ï† Lubog sa baha ang highway sa bayan ng Rizal. | #RubyPH via @allangatus @dzbb,CD,Rizal,highway,lubog sa baha,
1214,MyShe29,RT @gmanews: SORSOGON ÃƒÂ¢Ã¢â€šÂ¬Ã¢â‚¬ï† Lubog sa baha ang highway sa bayan ng Rizal. | #RubyPH via @allangatus @dzbb,CD,Rizal,highway,lubog sa baha,
1215,JNaagxx,RT @gmanews: SORSOGON ÃƒÂ¢Ã¢â€šÂ¬Ã¢â‚¬ï† Lubog sa baha ang highway sa bayan ng Rizal. | #RubyPH via @allangatus @dzbb,CD,Rizal,highway,lubog sa baha,
1216,MIKETONGCO,RT @gmanews: SORSOGON ÃƒÂ¢Ã¢â€šÂ¬Ã¢â‚¬ï† Lubog sa baha ang highway sa bayan ng Rizal. | #RubyPH via @allangatus @dzbb,CD,Rizal,highway,lubog sa baha,
1217,KeniticChoy,RT @gmanews: SORSOGON ÃƒÂ¢Ã¢â€šÂ¬Ã¢â‚¬ï† Lubog sa baha ang highway sa bayan ng Rizal. | #RubyPH via @allangatus @dzbb,CD,Rizal,highway,lubog sa baha,
1295,_jamesagustin,"509,620 katao o 102,714 na pamilya, nailikas na sa mga evacuation center sa Regions 5, 6, 7 at 8 ayon sa NDRRMC. #RubyPH @dzbb",CD,"Region 5,6,7 at 8",katao; pamilya,"509, 620; 102, 714; inilikas",
1362,CitizenPatrol,Sa muntinlupa may 60 pamilya sa cupang at 50 sa tunasan (cuyab) ay apektado dulot ng bagyo.#MarioPH #FloodPH,CD,Muntinlupa,pamilya,60 sa cupang; 50 sa tunasan,
1371,CitizenPatrol,"Sa paranaque, 60 pamilya ang inilikas sa silverio creek at 30 sa fastrack. #MarioPH #ReliefPH",CD,paranaque,pamilya,60 sa silverio creek; 30 sa fastrack,
2462,JuperBrigs,RT @YouScoop: Ilang istruktura ang nasira sa pananalasa ng Bagyong #RubyPH sa Tacloban City. Ulat ni YouScooper @paulguava http://t.co/SySSÃ¢â‚¬Â¦,CD,Tacloban City,istruktura,nasira,
2463,MyMissBagulaya,RT @YouScoop: Ilang istruktura ang nasira sa pananalasa ng Bagyong #RubyPH sa Tacloban City. Ulat ni YouScooper @paulguava http://t.co/SySSÃ¢â‚¬Â¦,CD,Tacloban City,istruktura,nasira,
2464,micahngln,RT @YouScoop: Ilang istruktura ang nasira sa pananalasa ng Bagyong #RubyPH sa Tacloban City. Ulat ni YouScooper @paulguava http://t.co/SySSÃ¢â‚¬Â¦,CD,Tacloban City,istruktura,nasira,
2465,gmanews,RT @YouScoop: Ilang istruktura ang nasira sa pananalasa ng Bagyong #RubyPH sa Tacloban City. Ulat ni YouScooper @paulguava http://t.co/SySSÃ¢â‚¬Â¦,CD,Tacloban City,istruktura,nasira,
2466,princess_ayhie,RT @YouScoop: Ilang istruktura ang nasira sa pananalasa ng Bagyong #RubyPH sa Tacloban City. Ulat ni YouScooper @paulguava http://t.co/SySSÃ¢â‚¬Â¦,CD,Tacloban City,istruktura,nasira,
2467,cj0402,RT @YouScoop: Ilang istruktura ang nasira sa pananalasa ng Bagyong #RubyPH sa Tacloban City. Ulat ni YouScooper @paulguava http://t.co/SySSÃ¢â‚¬Â¦,CD,Tacloban City,istruktura,nasira,
2468,LeoDoraPongan,RT @YouScoop: Ilang istruktura ang nasira sa pananalasa ng Bagyong #RubyPH sa Tacloban City. Ulat ni YouScooper @paulguava http://t.co/SySSÃ¢â‚¬Â¦,CD,Tacloban City,istruktura,nasira,
2469,romeyoandjuliet,RT @YouScoop: Ilang istruktura ang nasira sa pananalasa ng Bagyong #RubyPH sa Tacloban City. Ulat ni YouScooper @paulguava http://t.co/SySSÃ¢â‚¬Â¦,CD,Tacloban City,istruktura,nasira,
2470,mszettieL,RT @YouScoop: Ilang istruktura ang nasira sa pananalasa ng Bagyong #RubyPH sa Tacloban City. Ulat ni YouScooper @paulguava http://t.co/SySSÃ¢â‚¬Â¦,CD,Tacloban City,istruktura,nasira,
2471,violetaportera,RT @YouScoop: Ilang istruktura ang nasira sa pananalasa ng Bagyong #RubyPH sa Tacloban City. Ulat ni YouScooper @paulguava http://t.co/SySSÃ¢â‚¬Â¦,CD,Tacloban City,istruktura,nasira,
2472,Bitchhhesskaaaa,"RT @ABSCBNNews: Mga bahay at tindahang yari sa kahoy at yero sa Tacloban, winasak ng bagyo #RubyPH #Hagupit http://t.co/6KiZNOi0tc | via...",CD,Tacloban,bahay at tindahang yari sa yero,winasak,
2473,greyhatph,RT @YouScoop: Ilang istruktura ang nasira sa pananalasa ng Bagyong #RubyPH sa Tacloban City. Ulat ni YouScooper @paulguava http://t.co/SySSÃ¢â‚¬Â¦,CD,Tacloban City,istruktura,nasira,
2474,alexinizer,RT @YouScoop: Ilang istruktura ang nasira sa pananalasa ng Bagyong #RubyPH sa Tacloban City. Ulat ni YouScooper @paulguava http://t.co/SySSÃ¢â‚¬Â¦,CD,Tacloban City,istruktura,nasira,
2475,RealLibraryLady,RT @YouScoop: Ilang istruktura ang nasira sa pananalasa ng Bagyong #RubyPH sa Tacloban City. Ulat ni YouScooper @paulguava http://t.co/SySSÃ¢â‚¬Â¦,CD,Tacloban City,istruktura,nasira,
2476,Hiltonsaitam,RT @YouScoop: Ilang istruktura ang nasira sa pananalasa ng Bagyong #RubyPH sa Tacloban City. Ulat ni YouScooper @paulguava http://t.co/SySSÃ¢â‚¬Â¦,CD,Tacloban City,istruktura,nasira,
2477,KeniticChoy,RT @YouScoop: Ilang istruktura ang nasira sa pananalasa ng Bagyong #RubyPH sa Tacloban City. Ulat ni YouScooper @paulguava http://t.co/SySSÃ¢â‚¬Â¦,CD,Tacloban City,istruktura,nasira,
2478,AnnJaviniar,RT @YouScoop: Ilang istruktura ang nasira sa pananalasa ng Bagyong #RubyPH sa Tacloban City. Ulat ni YouScooper @paulguava http://t.co/SySSÃ¢â‚¬Â¦,CD,Tacloban City,istruktura,nasira,
2479,lordsatanaku,RT @YouScoop: Ilang istruktura ang nasira sa pananalasa ng Bagyong #RubyPH sa Tacloban City. Ulat ni YouScooper @paulguava http://t.co/SySSÃ¢â‚¬Â¦,CD,Tacloban City,istruktura,nasira,
2480,Howieseverino,RT @YouScoop: Ilang istruktura ang nasira sa pananalasa ng Bagyong #RubyPH sa Tacloban City. Ulat ni YouScooper @paulguava http://t.co/SySSÃ¢â‚¬Â¦,CD,Tacloban City,istruktura,nasira,
2481,johanna_dcruz23,"RT @ABSCBNNews: Mga bahay at tindahang yari sa kahoy at yero sa Tacloban, winasak ng bagyo #RubyPH #Hagupit http://t.co/6KiZNOi0tc | via...",CD,Tacloban,bahay at tindahang yari sa yero,winasak,
2482,ehlenski,"RT @ABSCBNNews: Mga bahay at tindahang yari sa kahoy at yero sa Tacloban, winasak ng bagyo #RubyPH #Hagupit http://t.co/amBhMH0XjE | via...",CD,Tacloban,bahay at tindahang yari sa yero,winasak,
2483,wormfingerz,RT @YouScoop: Ilang istruktura ang nasira sa pananalasa ng Bagyong #RubyPH sa Tacloban City. Ulat ni YouScooper @paulguava http://t.co/SySSÃ¢â‚¬Â¦,CD,Tacloban City,istruktura,nasira,
2484,BAEKAIdy_Crush,RT @YouScoop: Ilang istruktura ang nasira sa pananalasa ng Bagyong #RubyPH sa Tacloban City. Ulat ni YouScooper @paulguava http://t.co/SySSÃ¢â‚¬Â¦,CD,Tacloban City,istruktura,nasira,
2485,badillo_kevin,"RT @ABSCBNNews: Mga bahay at tindahang yari sa kahoy at yero sa Tacloban, winasak ng bagyo #RubyPH #Hagupit http://t.co/6KiZNOi0tc | via...",CD,Tacloban,bahay at tindahang yari sa yero,winasak,
2486,infobencana,"RT @ABSCBNNews: Mga bahay at tindahang yari sa kahoy at yero sa Tacloban, winasak ng bagyo #RubyPH #Hagupit http://t.co/6KiZNOi0tc | via...",CD,Tacloban,bahay at tindahang yari sa yero,winasak,
2487,paperboylrh,"RT @ABSCBNNews: Mga bahay at tindahang yari sa kahoy at yero sa Tacloban, winasak ng bagyo #RubyPH #Hagupit http://t.co/6KiZNOi0tc | via...",CD,Tacloban,bahay at tindahang yari sa yero,winasak,
2488,jhea273,RT @YouScoop: Ilang istruktura ang nasira sa pananalasa ng Bagyong #RubyPH sa Tacloban City. Ulat ni YouScooper @paulguava http://t.co/SySSÃ¢â‚¬Â¦,CD,Tacloban City,istruktura,nasira,
2489,rafaelajade02,"RT @ABSCBNNews: Mga bahay at tindahang yari sa kahoy at yero sa Tacloban, winasak ng bagyo #RubyPH #Hagupit http://t.co/6KiZNOi0tc | via...",CD,Tacloban,bahay at tindahang yari sa yero,winasak,
2491,isracede507,RT @YouScoop: Ilang istruktura ang nasira sa pananalasa ng Bagyong #RubyPH sa Tacloban City. Ulat ni YouScooper @paulguava http://t.co/SySSÃ¢â‚¬Â¦,CD,Tacloban City,istruktura,nasira,
2492,jgc310,"RT @ABSCBNNews: Mga bahay at tindahang yari sa kahoy at yero sa Tacloban, winasak ng bagyo #RubyPH #Hagupit http://t.co/6KiZNOi0tc | via...",CD,Tacloban,bahay at tindahang yari sa yero,winasak,
2493,CitizenPatrol,"RT @zhandercayabyab: Yolanda bunkhouses sa Sagkahan, Tacloban City, sinira ng bagyong Ruby @DZMMTeleRadyo #RubyPH http://t.co/XOVPahWpO2",CD,"Sagkahan, Tacloban Cty",Yolanda bunkhouses,sinira,
2494,CitizenPatrol,"RT @zhandercayabyab: Yolanda bunkhouses sa Sagkahan, Tacloban, natuklap ang mga bubong dahil sa bagyong Ruby @DZMMTeleRadyo #RubyPH http://Ã¢â‚¬Â¦",CD,"Sagkahan, Tacloban Cty",Yolanda bunkhouses,sinira,
2495,notsirthomas,"RT @zhandercayabyab: Yolanda bunkhouses sa Sagkahan, Tacloban, natuklap ang mga bubong dahil sa bagyong Ruby @DZMMTeleRadyo #RubyPH http://Ã¢â‚¬Â¦",CD,"Sagkahan, Tacloban Cty",Yolanda bunkhouses,sinira,
2496,RescueTeam926,"RT @zhandercayabyab: Yolanda bunkhouses sa Sagkahan, Tacloban City, sinira ng bagyong Ruby @DZMMTeleRadyo #RubyPH http://t.co/XOVPahWpO2",CD,"Sagkahan, Tacloban Cty",Yolanda bunkhouses,sinira,
2497,janyx_MCMXCI,"RT @zhandercayabyab: Yolanda bunkhouses sa Sagkahan, Tacloban City, sinira ng bagyong Ruby @DZMMTeleRadyo #RubyPH http://t.co/XOVPahWpO2",CD,"Sagkahan, Tacloban Cty",Yolanda bunkhouses,sinira,
2498,gemma_esteban,"RT @zhandercayabyab: Yolanda bunkhouses sa Sagkahan, Tacloban City, sinira ng bagyong Ruby @DZMMTeleRadyo #RubyPH http://t.co/XOVPahWpO2",CD,"Sagkahan, Tacloban Cty",Yolanda bunkhouses,sinira,
2499,Arellaknows,"RT @zhandercayabyab: Yolanda bunkhouses sa Caibaan, Tacloban natuklapan ng bubong @DZMMTeleRadyo #RubyPH http://t.co/H2VSe7qZmV",CD,"Caibaan, Tacloban Cty",Yolanda bunkhouses,natuklapan ng bubong,
2500,Arellaknows,"RT @zhandercayabyab: Yolanda bunkhouses sa Sagkahan, Tacloban City, sinira ng bagyong Ruby @DZMMTeleRadyo #RubyPH http://t.co/XOVPahWpO2",CD,"Sagkahan, Tacloban Cty",Yolanda bunkhouses,sinira,
2501,raynie_arevalo,"RT @zhandercayabyab: Yolanda bunkhouses sa Caibaan, Tacloban natuklapan ng bubong @DZMMTeleRadyo #RubyPH http://t.co/H2VSe7qZmV",CD,"Caibaan, Tacloban Cty",Yolanda bunkhouses,natuklapan ng bubong,
2506,jbelhida,"RT @zhandercayabyab: Yolanda bunkhouses sa Caibaan, Tacloban natuklapan ng bubong @DZMMTeleRadyo #RubyPH http://t.co/H2VSe7qZmV",CD,"Caibaan, Tacloban Cty",Yolanda bunkhouses,natuklapan ng bubong,
2507,jbelhida,"RT @zhandercayabyab: Yolanda bunkhouses sa Caibaan, Tacloban natuklapan ng bubong @DZMMTeleRadyo #RubyPH http://t.co/H2VSe7qZmV",CD,"Caibaan, Tacloban Cty",Yolanda bunkhouses,natuklapan ng bubong,
2508,jbelhida,"RT @zhandercayabyab: Yolanda bunkhouses sa Sagkahan, Tacloban, natuklap ang mga bubong dahil sa bagyong Ruby @DZMMTeleRadyo #RubyPH http://Ã¢â‚¬Â¦",CD,"Sagkahan, Tacloban Cty",Yolanda bunkhouses,sinira,
2509,tabsky7,RT @untvradio1350: 18 taong gulang na lalake sa Iriga City na si Justine C.CaÃƒÂ±eso namatay dahil sa sobrang lamig ng panahon #RubyPH,CD,Iriga City,lalake,18 taong gulang; namatay sa sobrang lamig ng panahon,Justine C.CaÃƒÂ±eso
2510,minda_domingo,RT @untvradio1350: 18 taong gulang na lalake sa Iriga City na si Justine C.CaÃƒÂ±eso namatay dahil sa sobrang lamig ng panahon #RubyPH,CD,Iriga City,lalake,18 taong gulang; namatay sa sobrang lamig ng panahon,Justine C.CaÃƒÂ±eso
2511,ASugarol,"RT @zhandercayabyab: Yolanda bunkhouses sa Caibaan, Tacloban natuklapan ng bubong @DZMMTeleRadyo #RubyPH http://t.co/H2VSe7qZmV",CD,"Caibaan, Tacloban Cty",Yolanda bunkhouses,natuklapan ng bubong,Justine C.CaÃƒÂ±eso
2518,xtianlambert,"RT @ABSCBNNews: 'Ruby' damages NGCP power lines in S. Luzon, Visayas http://t.co/G4ejPX36eB #RubyPH",CD,"S. Luzon, Visayas",NGCP power lines,damages,
2519,RobImpe,"RT @ABSCBNNews: 'Ruby' damages NGCP power lines in S. Luzon, Visayas http://t.co/ADvAw5VeIw #RubyPH",CD,"S. Luzon, Visayas",NGCP power lines,damages,
2520,janochelseaa,"RT @ABSCBNNews: 'Ruby' damages NGCP power lines in S. Luzon, Visayas http://t.co/G4ejPX36eB #RubyPH",CD,"S. Luzon, Visayas",NGCP power lines,damages,
2521,jhenevieveGOZUM,"RT @ABSCBNNews: 'Ruby' damages NGCP power lines in S. Luzon, Visayas http://t.co/G4ejPX36eB #RubyPH",CD,"S. Luzon, Visayas",NGCP power lines,damages,
2522,jrealm3,"RT @ABSCBNNews: 'Ruby' damages NGCP power lines in S. Luzon, Visayas http://t.co/G4ejPX36eB #RubyPH",CD,"S. Luzon, Visayas",NGCP power lines,damages,
2523,ItsMeMnhnMatthy,"RT @ABSCBNNews: 'Ruby' damages NGCP power lines in S. Luzon, Visayas http://t.co/G4ejPX36eB #RubyPH",CD,"S. Luzon, Visayas",NGCP power lines,damages,
2524,JennyRockwell,"RT @ABSCBNNews: 'Ruby' damages NGCP power lines in S. Luzon, Visayas http://t.co/YllYgIzmuH #RubyPH",CD,"S. Luzon, Visayas",NGCP power lines,damages,
2525,zk0815,"RT @ABSCBNNews: 'Ruby' damages NGCP power lines in S. Luzon, Visayas http://t.co/G4ejPX36eB #RubyPH",CD,"S. Luzon, Visayas",NGCP power lines,damages,
2526,JenJacildo,"RT @ABSCBNNews: 'Ruby' damages NGCP power lines in S. Luzon, Visayas http://t.co/G4ejPX36eB #RubyPH",CD,"S. Luzon, Visayas",NGCP power lines,damages,
2527,RubyPHNews1,"RT @ABSCBNNews: 'Ruby' damages NGCP power lines in S. Luzon, Visayas http://t.co/G4ejPX36eB #RubyPH",CD,"S. Luzon, Visayas",NGCP power lines,damages,
2528,annmariebolito,RT @DZMMTeleRadyo: 21 patay sa Eastern Samar dahil sa pananalasa ni #RubyPH ayon sa PRC http://t.co/wG1M91HViF http://t.co/Vz34i04NgI,CD,Eastern Samar,patay,21,
2529,GabTheArroyo,RT @DZMMTeleRadyo: 21 patay sa Eastern Samar dahil sa pananalasa ni #RubyPH ayon sa PRC http://t.co/wG1M91HViF http://t.co/Vz34i04NgI,CD,Eastern Samar,patay,21,
2530,Hey_Its_Raye,RT @DZMMTeleRadyo: 21 patay sa Eastern Samar dahil sa pananalasa ni #RubyPH ayon sa PRC http://t.co/wG1M91HViF http://t.co/Vz34i04NgI,CD,Eastern Samar,patay,21,
2531,MissRivera_2MT,RT @DZMMTeleRadyo: 21 patay sa Eastern Samar dahil sa pananalasa ni #RubyPH ayon sa PRC http://t.co/wG1M91HViF http://t.co/Vz34i04NgI,CD,Eastern Samar,patay,21,
2532,AVENGELIE,RT @DZMMTeleRadyo: 21 patay sa Eastern Samar dahil sa pananalasa ni #RubyPH ayon sa PRC http://t.co/wG1M91HViF http://t.co/Vz34i04NgI,CD,Eastern Samar,patay,21,
2533,supergelo16,RT @gmanews: Umakyat na sa 22 ang naitalang nasawi ng @philredcross dahil sa Bagyong #RubyPH ayon kay @ChairmanGordon. | via @dzbb,CD,,nasawi,22,
2534,PinoyHikikomori,RT @gmanews: Umakyat na sa 22 ang naitalang nasawi ng @philredcross dahil sa Bagyong #RubyPH ayon kay @ChairmanGordon. | via @dzbb,CD,,nasawi,22,
2535,GELAtissimoooo,RT @gmanews: Umakyat na sa 22 ang naitalang nasawi ng @philredcross dahil sa Bagyong #RubyPH ayon kay @ChairmanGordon. | via @dzbb,CD,,nasawi,22,
2536,prncsshazel,RT @gmanews: Umakyat na sa 22 ang naitalang nasawi ng @philredcross dahil sa Bagyong #RubyPH ayon kay @ChairmanGordon. | via @dzbb,CD,,nasawi,22,
2537,itsxtiancapuyan,RT @gmanews: Umakyat na sa 22 ang naitalang nasawi ng @philredcross dahil sa Bagyong #RubyPH ayon kay @ChairmanGordon. | via @dzbb,CD,,nasawi,22,
2538,RescueTeam926,RT @gmanews: Umakyat na sa 22 ang naitalang nasawi ng @philredcross dahil sa Bagyong #RubyPH ayon kay @ChairmanGordon. | via @dzbb,CD,,nasawi,22,
2539,Vangio_Robles,RT @gmanews: Umakyat na sa 22 ang naitalang nasawi ng @philredcross dahil sa Bagyong #RubyPH ayon kay @ChairmanGordon. | via @dzbb,CD,,nasawi,22,
2541,barnabychuck,RT @gmanews: Umakyat na sa 22 ang naitalang nasawi ng @philredcross dahil sa Bagyong #RubyPH ayon kay @ChairmanGordon. | via @dzbb,CD,,nasawi,22,
2543,banderainquirer,RT @JohnMRoson: 16 dead in E. Visayas alone (Leyte-2;N.Samar-7;E.Samar-5;W.Samar-1;Biliran-1); 5 hurt; 1 missing - PNP Reg. 8 PCR | #RubyPHÃ¢â‚¬Â¦,CD,E. Visayas,dead,16,
2544,alexvincentm,RT @gmanews: Umakyat na sa 22 ang naitalang nasawi ng @philredcross dahil sa Bagyong #RubyPH ayon kay @ChairmanGordon. | via @dzbb,CD,,nasawi,22,
2545,hainkamana,RT @JohnMRoson: 16 dead in E. Visayas alone (Leyte-2;N.Samar-7;E.Samar-5;W.Samar-1;Biliran-1); 5 hurt; 1 missing - PNP Reg. 8 PCR | #RubyPHÃ¢â‚¬Â¦,CD,E. Visayas,dead,16,
2546,tsaaarms,RT @gmanews: Umakyat na sa 22 ang naitalang nasawi ng @philredcross dahil sa Bagyong #RubyPH ayon kay @ChairmanGordon. | via @dzbb,CD,,nasawi,22,
2547,KeniticChoy,RT @gmanews: Umakyat na sa 22 ang naitalang nasawi ng @philredcross dahil sa Bagyong #RubyPH ayon kay @ChairmanGordon. | via @dzbb,CD,,nasawi,22,
2548,sarahsongalia,RT @gmanews: Umakyat na sa 22 ang naitalang nasawi ng @philredcross dahil sa Bagyong #RubyPH ayon kay @ChairmanGordon. | via @dzbb,CD,,nasawi,22,
2549,Lyssa4everSONE,RT @gmanews: Umakyat na sa 22 ang naitalang nasawi ng @philredcross dahil sa Bagyong #RubyPH ayon kay @ChairmanGordon. | via @dzbb,CD,,nasawi,22,
2551,quicoong1221,RT @JohnMRoson: 16 dead in E. Visayas alone (Leyte-2;N.Samar-7;E.Samar-5;W.Samar-1;Biliran-1); 5 hurt; 1 missing - PNP Reg. 8 PCR | #RubyPHÃ¢â‚¬Â¦,CD,E. Visayas,dead,16,
2552,RubyPHNews1,RT @gmanews: Umakyat na sa 22 ang naitalang nasawi ng @philredcross dahil sa Bagyong #RubyPH ayon kay @ChairmanGordon. | via @dzbb,CD,,nasawi,22,
2553,annmariebolito,"RT @DZMMTeleRadyo: 500 pamilya, inilikas sa San Juan, Batangas #RubyPH| ulat ni @arnellozaeta",CD,"San Juan, Batangas",pamilya,500,
2554,Marwiiiiiiin,"RT @DZMMTeleRadyo: 500 pamilya, inilikas sa San Juan, Batangas #RubyPH| ulat ni @arnellozaeta",CD,"San Juan, Batangas",pamilya,500,
2555,vince5hc,"RT @DZMMTeleRadyo: 500 pamilya, inilikas sa San Juan, Batangas #RubyPH| ulat ni @arnellozaeta",CD,"San Juan, Batangas",pamilya,500,
2556,jerizesay,RT @gmanews: Umakyat na sa 22 ang naitalang nasawi ng @philredcross dahil sa Bagyong #RubyPH ayon kay @ChairmanGordon. | via @dzbb,CD,,nasawi,22,
2557,sarahsongalia,RT @DZMMTeleRadyo: 23 patay sa Visayas dahil sa bagsik ni #RubyPH - Red Cross http://t.co/vTEBhkJS8n,CD,Visayas,patay,23,
2558,badillo_kevin,RT @DZMMTeleRadyo: 23 patay sa Visayas dahil sa bagsik ni #RubyPH - Red Cross http://t.co/vTEBhkJS8n,CD,Visayas,patay,23,
2559,badillo_kevin,"RT @DZMMTeleRadyo: 500 pamilya, inilikas sa San Juan, Batangas #RubyPH| ulat ni @arnellozaeta",CD,"San Juan, Batangas",pamilya,500,
2560,badillo_kevin,RT @DZMMTeleRadyo: 21 patay sa Eastern Samar dahil sa pananalasa ni #RubyPH ayon sa PRC http://t.co/wG1M91HViF http://t.co/Vz34i04NgI,CD,Eastern Samar,patay,21,
2561,justmeLhiez,"RT @DZMMTeleRadyo: 500 pamilya, inilikas sa San Juan, Batangas #RubyPH| ulat ni @arnellozaeta",CD,"San Juan, Batangas",pamilya,500,
2562,banderainquirer,"RT @JohnMRoson: 3,302 persons have evacuated in Paranaque & Muntinlupa as of 6 p.m. -- PNP NCR Southern Police District | #RubyPH @banderaiÃ¢â‚¬Â¦",CD,Paranaque; Muntinlupa,persons,"3,302; evacuated",
2563,RubyPHNews1,RT @DZMMTeleRadyo: 23 patay sa Visayas dahil sa bagsik ni #RubyPH - Red Cross http://t.co/vTEBhkJS8n,CD,Visayas,patay,23,
2564,RubyPHNews1,"RT @DZMMTeleRadyo: 500 pamilya, inilikas sa San Juan, Batangas #RubyPH| ulat ni @arnellozaeta",CD,"San Juan, Batangas",pamilya,500,
2580,saksi,"Hindi bababa sa 23 ang patay sa hagupit ng Bagyong #RubyPH, base po sa tala ng @philredcross.",CD,,patay,23,